CO2 (PPM), Latitude, Longitude, Altitude, Air Speed (m/s), Mode, Fixed Satellites, Available Satellites,voltage,current,level,id
395,44.3822137,-73.2584681,66.12,0.019999999553,STABILIZE,4,11,0.0,None,None,1475084231.67
394,44.3822134,-73.2584678,66.12,0.0299999993294,STABILIZE,4,11,0.0,None,None,1475084232.31
394,44.3822133,-73.2584676,66.13,0.0499999970198,STABILIZE,4,11,0.0,None,None,1475084232.84
394,44.3822137,-73.2584674,66.16,0.0799999982119,STABILIZE,4,11,0.0,None,None,1475084233.37
395,44.3822142,-73.2584674,66.19,0.00999999977648,GUIDED,4,11,0.0,None,None,1475084233.9
395,44.3822147,-73.2584677,66.21,0.0899999961257,GUIDED,4,11,0.0,None,None,1475084234.43
395,44.3822152,-73.2584679,66.29,0.0599999986589,GUIDED,4,11,0.0,None,None,1475084234.97
395,44.3822127,-73.2584689,66.45,0.889999985695,GUIDED,4,11,0.0,None,None,1475084235.5
396,44.3822046,-73.2584739,66.76,1.94999992847,GUIDED,4,11,0.0,None,None,1475084236.03
396,44.3822019,-73.2584791,67.01,0.849999964237,GUIDED,4,11,0.0,None,None,1475084236.56
396,44.382205,-73.2584799,67.16,0.659999966621,GUIDED,4,11,0.0,None,None,1475084237.09
396,44.3822089,-73.258475,67.2,1.05999994278,GUIDED,4,11,0.0,None,None,1475084237.63
398,44.3822114,-73.2584689,67.22,0.899999976158,GUIDED,4,11,0.0,None,None,1475084238.16
398,44.3822129,-73.2584656,67.26,0.569999992847,GUIDED,4,11,0.0,None,None,1475084238.69
398,44.3822147,-73.2584638,67.32,0.34999999404,GUIDED,4,10,0.0,None,None,1475084239.22
398,44.382216,-73.258462,67.34,0.42999997735,GUIDED,4,10,0.0,None,None,1475084239.75
398,44.3822171,-73.2584608,67.39,0.319999992847,GUIDED,4,10,0.0,None,None,1475084240.34
398,44.3822175,-73.2584605,67.34,0.119999997318,GUIDED,4,8,0.0,None,None,1475084240.87
398,44.3822164,-73.2584603,67.35,0.25,GUIDED,4,8,0.0,None,None,1475084241.4
399,44.3822151,-73.2584625,67.3,0.25,GUIDED,4,8,0.0,None,None,1475084241.93
399,44.3822146,-73.2584648,67.28,0.389999985695,GUIDED,4,8,0.0,None,None,1475084242.47
399,44.3822146,-73.2584659,67.29,0.229999989271,GUIDED,4,8,0.0,None,None,1475084243.0
399,44.3822149,-73.2584669,67.31,0.209999993443,GUIDED,4,8,0.0,None,None,1475084243.54
398,44.382214,-73.2584669,67.46,0.25,AUTO,4,8,0.0,None,None,1475084244.07
398,44.3822122,-73.2584664,67.84,0.280000001192,AUTO,4,8,0.0,None,None,1475084244.6
398,44.3822113,-73.258468,68.34,0.289999991655,AUTO,4,8,0.0,None,None,1475084245.13
398,44.3822109,-73.2584684,69.02,0.229999989271,AUTO,4,8,0.0,None,None,1475084245.66
399,44.3822114,-73.2584667,69.93,0.469999998808,AUTO,4,8,0.0,None,None,1475084246.2
399,44.3822122,-73.2584639,71.43,0.319999992847,AUTO,4,8,0.0,None,None,1475084246.73
399,44.3822121,-73.2584637,72.56,0.229999989271,AUTO,4,8,0.0,None,None,1475084247.26
399,44.3822124,-73.2584642,73.69,0.0999999940395,AUTO,4,8,0.0,None,None,1475084247.79
400,44.3822126,-73.2584639,74.81,0.070000000298,AUTO,4,8,0.0,None,None,1475084248.37
400,44.3822124,-73.2584637,75.94,0.310000002384,AUTO,4,9,0.0,None,None,1475084248.9
400,44.382211,-73.258464,77.73,0.299999982119,AUTO,4,9,0.0,None,None,1475084249.43
400,44.3822103,-73.2584636,78.92,0.070000000298,AUTO,4,9,0.0,None,None,1475084249.96
400,44.3822101,-73.2584628,80.06,0.269999980927,AUTO,4,9,0.0,None,None,1475084250.49
400,44.3822108,-73.2584615,81.17,0.269999980927,AUTO,4,9,0.0,None,None,1475084251.02
400,44.3822121,-73.2584607,82.28,0.449999988079,AUTO,4,9,0.0,None,None,1475084251.55
400,44.3822144,-73.2584602,83.97,0.399999976158,AUTO,4,10,0.0,None,None,1475084252.09
400,44.3822157,-73.2584611,85.08,0.319999992847,AUTO,4,10,0.0,None,None,1475084252.62
400,44.3822163,-73.2584623,86.18,0.280000001192,AUTO,4,10,0.0,None,None,1475084253.15
400,44.3822159,-73.2584635,87.28,0.170000001788,AUTO,4,10,0.0,None,None,1475084253.68
399,44.3822146,-73.2584644,88.34,0.289999991655,AUTO,4,10,0.0,None,None,1475084254.21
399,44.3822141,-73.258465,89.24,0.280000001192,AUTO,4,10,0.0,None,None,1475084254.74
399,44.3822149,-73.2584666,89.92,0.469999998808,AUTO,4,10,0.0,None,None,1475084255.27
399,44.3822157,-73.2584702,90.48,0.509999990463,AUTO,4,10,0.0,None,None,1475084255.8
396,44.3822142,-73.2584744,90.67,0.560000002384,AUTO,4,10,0.0,None,None,1475084256.39
396,44.3822113,-73.2584817,90.83,1.25,AUTO,4,10,0.0,None,None,1475084256.92
396,44.3822078,-73.2584916,91.03,1.59999990463,AUTO,4,10,0.0,None,None,1475084257.46
395,44.3822054,-73.2585009,91.17,1.42999994755,AUTO,4,10,0.0,None,None,1475084257.99
395,44.3822034,-73.2585101,91.14,1.77999997139,AUTO,4,10,0.0,None,None,1475084258.53
395,44.3821963,-73.2585333,90.87,2.75,AUTO,4,10,0.0,None,None,1475084259.07
395,44.3821863,-73.2585566,90.81,3.91999983788,AUTO,4,10,0.0,None,None,1475084259.6
395,44.3821775,-73.2585813,90.92,4.40000009537,AUTO,4,10,0.0,None,None,1475084260.13
395,44.382173,-73.2586045,90.95,4.0499997139,AUTO,4,10,0.0,None,None,1475084260.66
395,44.38217,-73.2586273,90.84,3.65999984741,AUTO,4,10,0.0,None,None,1475084261.2
395,44.3821587,-73.2586646,90.72,4.55999994278,AUTO,4,10,0.0,None,None,1475084261.73
396,44.3821465,-73.2586884,90.73,4.75,AUTO,4,10,0.0,None,None,1475084262.26
396,44.382135,-73.2587085,90.74,4.13999986649,AUTO,4,10,0.0,None,None,1475084262.79
396,44.3821247,-73.2587259,90.59,3.76999998093,AUTO,4,10,0.0,None,None,1475084263.33
396,44.3821124,-73.2587406,90.41,3.53999996185,AUTO,4,10,0.0,None,None,1475084263.86
398,44.3820888,-73.2587592,90.18,4.15999984741,AUTO,4,10,0.0,None,None,1475084264.45
398,44.3820728,-73.2587722,90.15,4.05999994278,AUTO,4,10,0.0,None,None,1475084264.98
398,44.3820592,-73.2587862,90.03,3.73000001907,AUTO,4,10,0.0,None,None,1475084265.51
398,44.3820449,-73.2587988,89.76,3.98000001907,AUTO,4,10,0.0,None,None,1475084266.05
398,44.3820271,-73.2588098,89.51,4.30999994278,AUTO,4,10,0.0,None,None,1475084266.58
398,44.3820076,-73.2588195,89.33,4.75,AUTO,4,10,0.0,None,None,1475084267.11
398,44.3819801,-73.2588352,89.13,4.50999975204,AUTO,4,10,0.0,None,None,1475084267.64
396,44.3819637,-73.2588464,89.03,4.19999980927,AUTO,4,10,0.0,None,None,1475084268.17
396,44.3819476,-73.2588578,88.88,4.17000007629,AUTO,4,10,0.0,None,None,1475084268.7
396,44.3819317,-73.25887,88.7,3.94999980927,AUTO,4,10,0.0,None,None,1475084269.23
396,44.3819165,-73.2588806,88.43,3.75,AUTO,4,10,0.0,None,None,1475084269.76
396,44.3818984,-73.2588893,88.18,4.33999967575,AUTO,4,10,0.0,None,None,1475084270.3
396,44.3818774,-73.2588981,88.0,4.65000009537,AUTO,4,10,0.0,None,None,1475084270.83
396,44.3818454,-73.2589135,87.8,5.06999969482,AUTO,4,10,0.0,None,None,1475084271.36
396,44.3818269,-73.2589243,87.7,4.53999996185,AUTO,4,10,0.0,None,None,1475084271.9
394,44.3818103,-73.2589357,87.59,4.15000009537,AUTO,4,10,0.0,None,None,1475084272.45
394,44.3817935,-73.2589468,87.37,4.08999967575,AUTO,4,10,0.0,None,None,1475084272.98
394,44.381775,-73.2589574,87.17,4.44000005722,AUTO,4,10,0.0,None,None,1475084273.52
392,44.3817465,-73.2589735,87.01,4.88000011444,AUTO,4,10,0.0,None,None,1475084274.05
392,44.38173,-73.258985,86.81,4.25,AUTO,4,10,0.0,None,None,1475084274.58
392,44.3817122,-73.2589969,86.53,4.40000009537,AUTO,4,10,0.0,None,None,1475084275.11
392,44.3816926,-73.2590065,86.34,4.44999980927,AUTO,4,10,0.0,None,None,1475084275.64
393,44.3816739,-73.2590156,86.18,4.5,AUTO,4,10,0.0,None,None,1475084276.17
393,44.381655,-73.2590262,85.97,4.50999975204,AUTO,4,10,0.0,None,None,1475084276.7
393,44.3816362,-73.2590377,85.8,4.67999982834,AUTO,4,10,0.0,None,None,1475084277.23
393,44.3816155,-73.2590498,85.58,4.63999986649,AUTO,4,10,0.0,None,None,1475084277.77
393,44.3815863,-73.2590672,85.35,4.82999992371,AUTO,4,10,0.0,None,None,1475084278.3
393,44.3815669,-73.2590794,85.15,4.71000003815,AUTO,4,10,0.0,None,None,1475084278.83
393,44.3815477,-73.2590912,84.97,4.65999984741,AUTO,4,9,0.0,None,None,1475084279.36
393,44.381529,-73.2591022,84.77,4.61999988556,AUTO,4,9,0.0,None,None,1475084279.9
392,44.3815107,-73.2591126,84.62,4.50999975204,AUTO,4,10,0.0,None,None,1475084280.47
392,44.3814926,-73.2591231,84.43,4.34999990463,AUTO,4,10,0.0,None,None,1475084281.0
392,44.3814665,-73.2591384,84.12,4.21999979019,AUTO,4,10,0.0,None,None,1475084281.54
392,44.3814485,-73.2591488,83.95,4.38000011444,AUTO,4,10,0.0,None,None,1475084282.07
392,44.3814309,-73.2591588,83.78,4.36999988556,AUTO,4,10,0.0,None,None,1475084282.6
392,44.3814136,-73.2591694,83.63,4.38999986649,AUTO,4,10,0.0,None,None,1475084283.13
392,44.3813959,-73.2591811,83.48,4.44999980927,AUTO,4,10,0.0,None,None,1475084283.67
393,44.3813785,-73.2591934,83.31,4.11000013351,AUTO,4,10,0.0,None,None,1475084284.2
393,44.3813623,-73.2592043,83.06,4.15000009537,AUTO,4,10,0.0,None,None,1475084284.73
393,44.3813324,-73.2592179,82.77,4.67999982834,AUTO,4,10,0.0,None,None,1475084285.26
393,44.3813112,-73.2592269,82.65,4.88999986649,AUTO,4,10,0.0,None,None,1475084285.8
391,44.3812912,-73.2592382,82.52,4.86999988556,AUTO,4,10,0.0,None,None,1475084286.33
391,44.3812739,-73.2592506,82.38,4.65999984741,AUTO,4,10,0.0,None,None,1475084286.86
391,44.3812569,-73.259263,82.11,4.44999980927,AUTO,4,10,0.0,None,None,1475084287.39
391,44.3812372,-73.2592754,81.86,4.81999969482,AUTO,4,10,0.0,None,None,1475084287.92
388,44.3812086,-73.2592906,81.62,4.67000007629,AUTO,4,10,0.0,None,None,1475084288.5
388,44.3811913,-73.2593008,81.37,4.40999984741,AUTO,4,10,0.0,None,None,1475084289.03
388,44.3811731,-73.2593107,81.17,4.44999980927,AUTO,4,10,0.0,None,None,1475084289.56
388,44.3811532,-73.2593208,81.04,4.82999992371,AUTO,4,10,0.0,None,None,1475084290.1
388,44.3811345,-73.2593315,80.94,4.63999986649,AUTO,4,10,0.0,None,None,1475084290.63
388,44.3811171,-73.2593443,80.81,4.26999998093,AUTO,4,10,0.0,None,None,1475084291.16
388,44.3810907,-73.2593624,80.45,4.38999986649,AUTO,4,10,0.0,None,None,1475084291.69
388,44.3810802,-73.259368,80.39,4.69000005722,AUTO,4,10,0.0,None,None,1475084292.22
388,44.381051,-73.259383,80.1,4.59999990463,AUTO,4,10,0.0,None,None,1475084292.75
388,44.3810322,-73.259393,79.91,4.63999986649,AUTO,4,10,0.0,None,None,1475084293.28
388,44.3810138,-73.2594029,79.76,4.57999992371,AUTO,4,10,0.0,None,None,1475084293.82
389,44.3809958,-73.2594133,79.52,4.51999998093,AUTO,4,10,0.0,None,None,1475084294.36
389,44.3809696,-73.2594285,79.28,4.40000009537,AUTO,4,10,0.0,None,None,1475084294.9
389,44.3809526,-73.2594388,79.08,4.42000007629,AUTO,4,10,0.0,None,None,1475084295.43
389,44.3809354,-73.2594494,78.9,4.28999996185,AUTO,4,10,0.0,None,None,1475084295.96
389,44.3809178,-73.2594595,78.76,4.36000013351,AUTO,4,10,0.0,None,None,1475084296.53
389,44.3809001,-73.2594703,78.6,4.21999979019,AUTO,4,10,0.0,None,None,1475084297.06
389,44.380873,-73.2594877,78.34,4.51999998093,AUTO,4,10,0.0,None,None,1475084297.6
389,44.3808547,-73.2594988,78.17,4.58999967575,AUTO,4,10,0.0,None,None,1475084298.13
389,44.3808367,-73.25951,78.0,4.50999975204,AUTO,4,10,0.0,None,None,1475084298.67
389,44.38081,-73.2595265,77.77,4.57999992371,AUTO,4,10,0.0,None,None,1475084299.2
389,44.3807926,-73.2595373,77.54,4.48000001907,AUTO,4,10,0.0,None,None,1475084299.73
387,44.3807749,-73.2595474,77.36,4.34999990463,AUTO,4,10,0.0,None,None,1475084300.26
387,44.3807572,-73.2595571,77.19,4.44999980927,AUTO,4,10,0.0,None,None,1475084300.79
387,44.3807395,-73.2595672,77.01,4.31999969482,AUTO,4,10,0.0,None,None,1475084301.32
387,44.3807132,-73.2595823,76.74,4.38999986649,AUTO,4,10,0.0,None,None,1475084301.85
388,44.3806951,-73.259592,76.55,4.51999998093,AUTO,4,10,0.0,None,None,1475084302.39
388,44.3806764,-73.2596021,76.38,4.5,AUTO,4,10,0.0,None,None,1475084302.92
388,44.3806584,-73.2596122,76.19,4.57999992371,AUTO,4,10,0.0,None,None,1475084303.45
388,44.3806402,-73.2596226,76.02,4.61000013351,AUTO,4,10,0.0,None,None,1475084303.98
388,44.3806123,-73.2596382,75.78,4.65000009537,AUTO,4,10,0.0,None,None,1475084304.56
388,44.3805925,-73.2596495,75.6,4.73999977112,AUTO,4,10,0.0,None,None,1475084305.09
388,44.3805738,-73.2596604,75.43,4.82999992371,AUTO,4,10,0.0,None,None,1475084305.62
390,44.3805552,-73.2596712,75.26,4.69000005722,AUTO,4,10,0.0,None,None,1475084306.15
390,44.380536,-73.2596825,75.06,4.69000005722,AUTO,4,10,0.0,None,None,1475084306.68
390,44.3805077,-73.2596986,74.81,4.78999996185,AUTO,4,10,0.0,None,None,1475084307.21
390,44.3804876,-73.2597103,74.57,4.83999967575,AUTO,4,10,0.0,None,None,1475084307.74
391,44.3804682,-73.2597213,74.37,4.84999990463,AUTO,4,10,0.0,None,None,1475084308.28
391,44.3804484,-73.2597327,74.15,4.77999973297,AUTO,4,10,0.0,None,None,1475084308.81
391,44.3804299,-73.2597435,73.97,4.59999990463,AUTO,4,10,0.0,None,None,1475084309.34
391,44.3804032,-73.2597605,73.71,4.5,AUTO,4,10,0.0,None,None,1475084309.87
390,44.3803855,-73.2597723,73.56,4.51999998093,AUTO,4,10,0.0,None,None,1475084310.4
390,44.380368,-73.2597841,73.35,4.44999980927,AUTO,4,10,0.0,None,None,1475084310.93
390,44.3803503,-73.2597948,73.16,4.46000003815,AUTO,4,10,0.0,None,None,1475084311.47
390,44.3803323,-73.2598051,73.1,4.25,AUTO,4,10,0.0,None,None,1475084312.0
388,44.3803082,-73.2598223,72.8,4.13000011444,AUTO,4,10,0.0,None,None,1475084312.58
388,44.3802905,-73.2598342,72.59,4.28999996185,AUTO,4,10,0.0,None,None,1475084313.11
388,44.3802723,-73.2598448,72.42,4.40999984741,AUTO,4,10,0.0,None,None,1475084313.64
389,44.3802542,-73.2598551,72.38,4.42000007629,AUTO,4,10,0.0,None,None,1475084314.18
389,44.3802379,-73.2598654,72.2,4.13999986649,AUTO,4,10,0.0,None,None,1475084314.71
389,44.3802209,-73.2598754,71.96,4.2999997139,AUTO,4,10,0.0,None,None,1475084315.24
389,44.3801924,-73.2598891,71.63,4.48000001907,AUTO,4,10,0.0,None,None,1475084315.77
391,44.3801714,-73.2598988,71.42,4.71000003815,AUTO,4,10,0.0,None,None,1475084316.3
391,44.3801528,-73.2599081,71.31,4.58999967575,AUTO,4,10,0.0,None,None,1475084316.83
391,44.3801368,-73.2599167,71.22,3.8599998951,AUTO,4,10,0.0,None,None,1475084317.36
391,44.3801231,-73.2599241,71.14,3.38999986649,AUTO,4,10,0.0,None,None,1475084317.89
391,44.380112,-73.2599306,71.18,2.73000001907,AUTO,4,10,0.0,None,None,1475084318.43
391,44.380104,-73.2599367,71.12,2.15999984741,AUTO,4,10,0.0,None,None,1475084318.96
391,44.3800972,-73.2599426,71.02,1.31999993324,AUTO,4,10,0.0,None,None,1475084319.49
391,44.3800956,-73.2599434,70.99,0.239999994636,AUTO,4,10,0.0,None,None,1475084320.02
390,44.3800971,-73.2599425,71.03,0.34999999404,AUTO,4,10,0.0,None,None,1475084320.61
390,44.3801007,-73.2599423,71.05,0.909999966621,AUTO,4,10,0.0,None,None,1475084321.14
390,44.3801066,-73.2599427,71.04,1.37999999523,AUTO,4,10,0.0,None,None,1475084321.67
391,44.3801199,-73.2599429,71.0,1.81999993324,AUTO,4,10,0.0,None,None,1475084322.2
391,44.3801308,-73.259942,71.05,2.26999998093,AUTO,4,10,0.0,None,None,1475084322.73
391,44.3801432,-73.2599402,71.11,2.91999983788,AUTO,4,10,0.0,None,None,1475084323.26
391,44.3801573,-73.2599387,71.18,3.33999991417,AUTO,4,10,0.0,None,None,1475084323.79
393,44.3801728,-73.2599384,71.29,3.57999992371,AUTO,4,10,0.0,None,None,1475084324.33
393,44.3801871,-73.2599383,71.35,3.48000001907,AUTO,4,10,0.0,None,None,1475084324.86
393,44.3802087,-73.2599387,71.28,3.25,AUTO,4,10,0.0,None,None,1475084325.39
393,44.3802252,-73.2599393,71.27,3.6099998951,AUTO,4,10,0.0,None,None,1475084325.92
394,44.3802442,-73.2599388,71.28,4.0,AUTO,4,10,0.0,None,None,1475084326.45
394,44.3802629,-73.259937,71.27,4.5,AUTO,4,10,0.0,None,None,1475084326.98
394,44.3802822,-73.2599346,71.22,4.5,AUTO,4,10,0.0,None,None,1475084327.51
394,44.3803024,-73.2599316,71.15,4.61000013351,AUTO,4,10,0.0,None,None,1475084328.04
394,44.3803329,-73.2599268,71.11,4.71000003815,AUTO,4,10,0.0,None,None,1475084328.63
394,44.3803534,-73.2599234,71.09,4.63000011444,AUTO,4,10,0.0,None,None,1475084329.16
394,44.380374,-73.2599194,71.06,4.82999992371,AUTO,4,10,0.0,None,None,1475084329.7
394,44.3803951,-73.2599156,71.02,4.78999996185,AUTO,4,10,0.0,None,None,1475084330.23
394,44.380427,-73.259911,71.06,4.67999982834,AUTO,4,10,0.0,None,None,1475084330.76
394,44.3804472,-73.2599081,71.08,4.52999973297,AUTO,4,10,0.0,None,None,1475084331.29
394,44.3804681,-73.2599053,70.99,4.78999996185,AUTO,4,10,0.0,None,None,1475084331.82
394,44.380489,-73.2599033,71.01,4.69999980927,AUTO,4,10,0.0,None,None,1475084332.35
394,44.3805093,-73.2599014,70.97,4.59999990463,AUTO,4,10,0.0,None,None,1475084332.88
394,44.3805392,-73.2598979,70.99,4.61000013351,AUTO,4,10,0.0,None,None,1475084333.41
394,44.3805606,-73.2598954,71.02,4.61000013351,AUTO,4,10,0.0,None,None,1475084333.95
395,44.3805801,-73.2598933,71.06,4.52999973297,AUTO,4,10,0.0,None,None,1475084334.48
395,44.3806003,-73.2598905,71.07,4.65999984741,AUTO,4,10,0.0,None,None,1475084335.02
395,44.3806208,-73.2598879,71.1,4.61000013351,AUTO,4,9,0.0,None,None,1475084335.55
395,44.3806414,-73.2598859,71.11,4.77999973297,AUTO,4,9,0.0,None,None,1475084336.08
395,44.380673,-73.2598829,71.13,4.88999986649,AUTO,4,10,0.0,None,None,1475084336.66
395,44.3806941,-73.2598812,71.17,4.88000011444,AUTO,4,10,0.0,None,None,1475084337.2
395,44.3807148,-73.2598797,71.2,4.7999997139,AUTO,4,10,0.0,None,None,1475084337.73
395,44.3807453,-73.2598773,71.17,4.67000007629,AUTO,4,10,0.0,None,None,1475084338.26
395,44.3807674,-73.2598758,71.18,4.55999994278,AUTO,4,10,0.0,None,None,1475084338.79
395,44.3807873,-73.2598742,71.17,4.52999973297,AUTO,4,8,0.0,None,None,1475084339.33
395,44.3808082,-73.259872,71.12,4.75,AUTO,4,8,0.0,None,None,1475084339.86
396,44.3808297,-73.2598701,71.1,4.90999984741,AUTO,4,8,0.0,None,None,1475084340.39
396,44.3808532,-73.2598682,71.1,4.88000011444,AUTO,4,8,0.0,None,None,1475084340.92
396,44.3808742,-73.2598668,71.1,4.90000009537,AUTO,4,8,0.0,None,None,1475084341.45
396,44.3809068,-73.2598641,71.09,5.02999973297,AUTO,4,8,0.0,None,None,1475084341.98
396,44.380929,-73.2598625,71.1,4.7999997139,AUTO,4,8,0.0,None,None,1475084342.51
396,44.38095,-73.2598608,71.08,4.83999967575,AUTO,4,9,0.0,None,None,1475084343.05
396,44.3809707,-73.2598582,71.07,4.82999992371,AUTO,4,10,0.0,None,None,1475084343.59
396,44.3810018,-73.259854,71.11,4.85999965668,AUTO,4,10,0.0,None,None,1475084344.12
397,44.3810225,-73.2598511,71.11,4.76999998093,AUTO,4,10,0.0,None,None,1475084344.69
397,44.3810442,-73.2598479,71.08,4.84999990463,AUTO,4,10,0.0,None,None,1475084345.22
397,44.3810652,-73.2598451,71.11,4.77999973297,AUTO,4,10,0.0,None,None,1475084345.75
397,44.3810872,-73.2598427,71.13,4.83999967575,AUTO,4,10,0.0,None,None,1475084346.28
397,44.381109,-73.2598408,71.1,4.76999998093,AUTO,4,10,0.0,None,None,1475084346.81
397,44.3811401,-73.2598377,71.09,4.75,AUTO,4,10,0.0,None,None,1475084347.35
397,44.3811608,-73.2598355,71.1,4.82999992371,AUTO,4,10,0.0,None,None,1475084347.88
397,44.3811818,-73.2598332,71.11,4.73999977112,AUTO,4,10,0.0,None,None,1475084348.41
397,44.3812034,-73.2598309,71.1,4.80999994278,AUTO,4,10,0.0,None,None,1475084348.94
397,44.3812241,-73.2598284,71.1,4.77999973297,AUTO,4,10,0.0,None,None,1475084349.48
397,44.381255,-73.2598249,71.16,4.85999965668,AUTO,4,10,0.0,None,None,1475084350.01
397,44.381275,-73.259823,71.15,4.5,AUTO,4,10,0.0,None,None,1475084350.54
397,44.3812961,-73.2598212,71.14,4.69000005722,AUTO,4,10,0.0,None,None,1475084351.07
397,44.3813164,-73.2598199,71.14,4.78999996185,AUTO,4,10,0.0,None,None,1475084351.6
397,44.381337,-73.2598184,71.1,4.77999973297,AUTO,4,10,0.0,None,None,1475084352.14
398,44.3813696,-73.259816,71.08,4.86999988556,AUTO,4,10,0.0,None,None,1475084352.71
398,44.3813907,-73.2598145,71.08,4.90999984741,AUTO,4,10,0.0,None,None,1475084353.24
398,44.3814131,-73.2598124,71.07,5.0,AUTO,4,10,0.0,None,None,1475084353.78
397,44.3814349,-73.2598101,71.04,4.96000003815,AUTO,4,10,0.0,None,None,1475084354.31
397,44.3814568,-73.2598078,71.04,4.82999992371,AUTO,4,10,0.0,None,None,1475084354.84
397,44.3814878,-73.2598038,71.06,4.88000011444,AUTO,4,10,0.0,None,None,1475084355.37
397,44.3815092,-73.2598006,71.12,4.67999982834,AUTO,4,10,0.0,None,None,1475084355.9
390,44.3815288,-73.2597972,71.19,4.63000011444,AUTO,4,10,0.0,None,None,1475084356.43
390,44.3815462,-73.2597931,71.27,4.27999973297,AUTO,4,10,0.0,None,None,1475084356.97
390,44.3815602,-73.2597898,71.23,3.28999996185,AUTO,4,10,0.0,None,None,1475084357.5
390,44.3815816,-73.2597875,71.02,3.27999997139,AUTO,4,10,0.0,None,None,1475084358.03
391,44.381598,-73.2597839,71.02,3.67999982834,AUTO,4,10,0.0,None,None,1475084358.56
391,44.3816104,-73.2597762,70.93,2.83999991417,AUTO,4,10,0.0,None,None,1475084359.09
391,44.3816162,-73.2597704,70.89,1.79999995232,AUTO,4,10,0.0,None,None,1475084359.62
391,44.3816201,-73.2597709,70.84,0.949999988079,AUTO,4,10,0.0,None,None,1475084360.16
390,44.381624,-73.2597757,70.83,1.12000000477,AUTO,4,10,0.0,None,None,1475084360.74
390,44.3816269,-73.2597846,70.9,0.959999978542,AUTO,4,10,0.0,None,None,1475084361.27
390,44.3816289,-73.2597878,70.95,0.729999959469,AUTO,4,10,0.0,None,None,1475084361.8
390,44.3816313,-73.2597891,71.02,0.589999973774,AUTO,4,10,0.0,None,None,1475084362.34
390,44.3816335,-73.2597903,71.08,0.409999996424,AUTO,4,10,0.0,None,None,1475084362.87
390,44.3816339,-73.2597912,71.12,0.25,AUTO,4,10,0.0,None,None,1475084363.4
390,44.3816324,-73.2597915,71.13,0.299999982119,AUTO,4,10,0.0,None,None,1475084363.93
391,44.3816297,-73.2597912,71.14,0.579999983311,AUTO,4,10,0.0,None,None,1475084364.46
391,44.381626,-73.2597906,71.14,0.879999995232,AUTO,4,10,0.0,None,None,1475084364.99
391,44.3816182,-73.2597903,71.17,1.04999995232,AUTO,4,10,0.0,None,None,1475084365.53
391,44.3816111,-73.259791,71.21,1.83999991417,AUTO,4,10,0.0,None,None,1475084366.06
391,44.3816024,-73.2597918,71.22,2.04999995232,AUTO,4,10,0.0,None,None,1475084366.59
391,44.3815919,-73.259792,71.21,2.18000006676,AUTO,4,10,0.0,None,None,1475084367.12
391,44.3815798,-73.2597912,71.18,2.72000002861,AUTO,4,10,0.0,None,None,1475084367.66
391,44.3815569,-73.2597888,71.19,3.30999994278,AUTO,4,10,0.0,None,None,1475084368.19
391,44.3815399,-73.2597886,71.25,3.80999994278,AUTO,4,10,0.0,None,None,1475084368.77
391,44.381522,-73.2597898,71.27,3.95999979973,AUTO,4,10,0.0,None,None,1475084369.3
391,44.3815041,-73.2597903,71.28,4.13000011444,AUTO,4,10,0.0,None,None,1475084369.83
391,44.3814857,-73.2597902,71.32,4.25999975204,AUTO,4,10,0.0,None,None,1475084370.36
391,44.3814563,-73.2597894,71.29,4.38000011444,AUTO,4,10,0.0,None,None,1475084370.9
391,44.3814367,-73.2597888,71.19,4.5,AUTO,4,10,0.0,None,None,1475084371.43
391,44.3814159,-73.2597878,71.1,4.56999969482,AUTO,4,10,0.0,None,None,1475084371.96
392,44.3813962,-73.2597872,71.07,4.48000001907,AUTO,4,10,0.0,None,None,1475084372.5
392,44.381376,-73.2597878,70.97,4.56999969482,AUTO,4,10,0.0,None,None,1475084373.03
392,44.3813444,-73.2597882,70.94,4.75999975204,AUTO,4,10,0.0,None,None,1475084373.56
392,44.3813234,-73.259789,71.01,4.88999986649,AUTO,4,10,0.0,None,None,1475084374.09
393,44.3813032,-73.2597903,71.04,4.65999984741,AUTO,4,10,0.0,None,None,1475084374.62
393,44.3812828,-73.2597915,71.06,4.73000001907,AUTO,4,10,0.0,None,None,1475084375.15
393,44.3812618,-73.259792,71.06,4.78999996185,AUTO,4,10,0.0,None,None,1475084375.68
393,44.38124,-73.2597919,71.07,4.82999992371,AUTO,4,10,0.0,None,None,1475084376.22
393,44.3812081,-73.2597909,71.1,4.75,AUTO,4,10,0.0,None,None,1475084376.79
393,44.3811873,-73.2597903,71.11,4.88999986649,AUTO,4,10,0.0,None,None,1475084377.33
393,44.3811654,-73.2597894,71.08,4.82999992371,AUTO,4,10,0.0,None,None,1475084377.86
393,44.381144,-73.2597885,71.04,4.88000011444,AUTO,4,10,0.0,None,None,1475084378.39
393,44.3811209,-73.2597876,71.02,5.0,AUTO,4,10,0.0,None,None,1475084378.92
393,44.3810889,-73.2597866,71.06,4.90000009537,AUTO,4,10,0.0,None,None,1475084379.45
393,44.3810668,-73.2597871,71.12,5.09999990463,AUTO,4,10,0.0,None,None,1475084379.98
394,44.3810457,-73.2597885,71.13,4.83999967575,AUTO,4,10,0.0,None,None,1475084380.51
394,44.3810239,-73.2597891,71.12,5.13000011444,AUTO,4,10,0.0,None,None,1475084381.05
394,44.3810021,-73.2597891,71.15,4.98999977112,AUTO,4,10,0.0,None,None,1475084381.58
394,44.38098,-73.2597892,71.16,4.75,AUTO,4,10,0.0,None,None,1475084382.12
394,44.3809479,-73.2597902,71.15,4.7999997139,AUTO,4,10,0.0,None,None,1475084382.65
394,44.3809265,-73.2597903,71.14,4.85999965668,AUTO,4,10,0.0,None,None,1475084383.18
394,44.3809052,-73.2597897,71.2,4.92000007629,AUTO,4,10,0.0,None,None,1475084383.71
394,44.3808855,-73.2597901,71.22,4.38000011444,AUTO,4,10,0.0,None,None,1475084384.25
394,44.3808576,-73.2597913,71.1,4.23000001907,AUTO,4,10,0.0,None,None,1475084384.82
394,44.3808351,-73.25979,71.02,4.83999967575,AUTO,4,10,0.0,None,None,1475084385.36
394,44.3808105,-73.2597879,71.05,5.40000009537,AUTO,4,10,0.0,None,None,1475084385.89
394,44.3807875,-73.2597878,71.09,5.19999980927,AUTO,4,10,0.0,None,None,1475084386.42
394,44.3807661,-73.2597887,71.1,4.59999990463,AUTO,4,10,0.0,None,None,1475084386.96
394,44.3807452,-73.2597893,71.04,5.07999992371,AUTO,4,10,0.0,None,None,1475084387.49
394,44.3807211,-73.2597882,70.97,5.58999967575,AUTO,4,10,0.0,None,None,1475084388.02
394,44.380696,-73.2597862,71.0,5.6299996376,AUTO,4,10,0.0,None,None,1475084388.56
394,44.3806618,-73.2597856,71.09,5.25999975204,AUTO,4,10,0.0,None,None,1475084389.09
394,44.3806407,-73.2597872,71.09,4.94000005722,AUTO,4,10,0.0,None,None,1475084389.62
394,44.3806187,-73.2597884,71.04,4.98999977112,AUTO,4,10,0.0,None,None,1475084390.15
396,44.380597,-73.2597887,71.08,4.94000005722,AUTO,4,10,0.0,None,None,1475084390.68
396,44.3805655,-73.2597888,71.13,4.90999984741,AUTO,4,10,0.0,None,None,1475084391.21
396,44.3805437,-73.2597891,71.11,4.84999990463,AUTO,4,10,0.0,None,None,1475084391.75
396,44.3805201,-73.2597889,71.07,5.01999998093,AUTO,4,10,0.0,None,None,1475084392.28
397,44.380498,-73.2597881,71.05,5.10999965668,AUTO,4,10,0.0,None,None,1475084392.88
397,44.3804761,-73.2597873,71.04,4.92000007629,AUTO,4,10,0.0,None,None,1475084393.42
397,44.3804446,-73.2597873,71.09,4.81999969482,AUTO,4,10,0.0,None,None,1475084393.95
397,44.3804227,-73.2597882,71.1,4.78999996185,AUTO,4,10,0.0,None,None,1475084394.48
397,44.3804015,-73.259789,71.11,4.84999990463,AUTO,4,10,0.0,None,None,1475084395.01
397,44.3803799,-73.25979,71.12,5.00999975204,AUTO,4,10,0.0,None,None,1475084395.55
397,44.3803562,-73.2597912,71.14,5.0499997139,AUTO,4,10,0.0,None,None,1475084396.08
396,44.3803348,-73.2597917,71.19,4.83999967575,AUTO,4,10,0.0,None,None,1475084396.61
396,44.3803041,-73.2597923,71.27,4.61000013351,AUTO,4,10,0.0,None,None,1475084397.14
396,44.3802832,-73.2597926,71.29,4.5,AUTO,4,10,0.0,None,None,1475084397.67
396,44.3802642,-73.2597925,71.29,4.40999984741,AUTO,4,10,0.0,None,None,1475084398.21
395,44.3802444,-73.2597919,71.18,4.58999967575,AUTO,4,10,0.0,None,None,1475084398.84
395,44.3802128,-73.2597898,71.06,4.90000009537,AUTO,4,10,0.0,None,None,1475084399.37
395,44.3801907,-73.2597878,71.03,5.10999965668,AUTO,4,10,0.0,None,None,1475084399.9
396,44.3801678,-73.2597845,71.05,5.30999994278,AUTO,4,10,0.0,None,None,1475084400.44
396,44.3801472,-73.2597805,71.09,4.5499997139,AUTO,4,10,0.0,None,None,1475084400.97
396,44.3801301,-73.2597759,71.04,3.73000001907,AUTO,4,10,0.0,None,None,1475084401.5
396,44.3801175,-73.259767,71.01,2.8599998951,AUTO,4,10,0.0,None,None,1475084402.03
395,44.3801091,-73.2597463,70.92,2.40999984741,AUTO,4,10,0.0,None,None,1475084402.56
395,44.3801067,-73.2597304,70.88,2.54999995232,AUTO,4,10,0.0,None,None,1475084403.11
395,44.3801039,-73.2597132,70.92,2.74000000954,AUTO,4,10,0.0,None,None,1475084403.64
395,44.3800995,-73.2596927,71.06,3.57999992371,AUTO,4,10,0.0,None,None,1475084404.17
387,44.3800893,-73.2596655,71.12,3.34999990463,AUTO,4,10,0.0,None,None,1475084404.7
387,44.3800828,-73.2596544,71.05,2.6099998951,AUTO,4,10,0.0,None,None,1475084405.23
387,44.3800808,-73.2596498,70.95,0.810000002384,AUTO,4,10,0.0,None,None,1475084405.76
387,44.3800825,-73.2596471,70.93,0.5,AUTO,4,10,0.0,None,None,1475084406.29
389,44.3800877,-73.2596421,70.98,1.11000001431,AUTO,4,10,0.0,None,None,1475084406.9
389,44.3800919,-73.2596396,71.01,1.10000002384,AUTO,4,10,0.0,None,None,1475084407.43
389,44.3800969,-73.2596383,71.07,1.06999993324,AUTO,4,10,0.0,None,None,1475084407.97
389,44.3801026,-73.2596375,71.15,1.15999996662,AUTO,4,10,0.0,None,None,1475084408.5
389,44.3801101,-73.2596371,71.18,1.56999993324,AUTO,4,10,0.0,None,None,1475084409.03
389,44.3801275,-73.2596373,71.23,2.72000002861,AUTO,4,10,0.0,None,None,1475084409.56
389,44.3801423,-73.2596371,71.36,3.17999982834,AUTO,4,10,0.0,None,None,1475084410.1
390,44.3801559,-73.2596364,71.42,2.97000002861,AUTO,4,10,0.0,None,None,1475084410.63
390,44.3801708,-73.2596359,71.36,3.01999998093,AUTO,4,10,0.0,None,None,1475084411.16
390,44.3801872,-73.2596371,71.28,3.77999997139,AUTO,4,10,0.0,None,None,1475084411.7
390,44.3802061,-73.2596387,71.29,4.46000003815,AUTO,4,10,0.0,None,None,1475084412.23
390,44.3802358,-73.2596402,71.28,4.44000005722,AUTO,4,10,0.0,None,None,1475084412.77
390,44.3802558,-73.2596402,71.24,4.46999979019,AUTO,4,10,0.0,None,None,1475084413.3
390,44.3802754,-73.2596396,71.23,4.48999977112,AUTO,4,10,0.0,None,None,1475084413.83
390,44.3802951,-73.259638,71.12,4.46999979019,AUTO,4,10,0.0,None,None,1475084414.36
391,44.3803166,-73.2596374,70.94,4.65999984741,AUTO,4,10,0.0,None,None,1475084414.92
391,44.38034,-73.2596383,70.85,5.00999975204,AUTO,4,10,0.0,None,None,1475084415.45
391,44.3803633,-73.2596388,70.87,5.01999998093,AUTO,4,10,0.0,None,None,1475084415.98
392,44.3803955,-73.2596368,70.9,4.73000001907,AUTO,4,10,0.0,None,None,1475084416.51
392,44.3804166,-73.2596351,70.94,4.73999977112,AUTO,4,10,0.0,None,None,1475084417.05
392,44.3804369,-73.2596337,71.03,4.67999982834,AUTO,4,10,0.0,None,None,1475084417.58
392,44.380457,-73.2596323,71.11,4.65000009537,AUTO,4,10,0.0,None,None,1475084418.11
391,44.3804777,-73.2596308,71.18,4.65999984741,AUTO,4,10,0.0,None,None,1475084418.64
391,44.3804971,-73.2596298,71.22,4.44000005722,AUTO,4,10,0.0,None,None,1475084419.17
391,44.380526,-73.2596299,71.19,4.42999982834,AUTO,4,10,0.0,None,None,1475084419.7
391,44.3805461,-73.259631,71.17,4.51999998093,AUTO,4,10,0.0,None,None,1475084420.23
392,44.3805668,-73.259633,71.15,4.58999967575,AUTO,4,10,0.0,None,None,1475084420.77
392,44.3805878,-73.2596344,71.11,4.71999979019,AUTO,4,10,0.0,None,None,1475084421.3
392,44.380609,-73.2596356,71.06,4.92000007629,AUTO,4,10,0.0,None,None,1475084421.83
392,44.3806423,-73.2596375,71.1,4.96000003815,AUTO,4,10,0.0,None,None,1475084422.36
393,44.3806644,-73.2596371,71.1,4.92000007629,AUTO,4,10,0.0,None,None,1475084422.95
393,44.3806857,-73.259636,71.13,4.78999996185,AUTO,4,10,0.0,None,None,1475084423.48
393,44.3807056,-73.2596345,71.11,4.65000009537,AUTO,4,10,0.0,None,None,1475084424.01
394,44.3807262,-73.2596335,71.12,4.69000005722,AUTO,4,10,0.0,None,None,1475084424.54
394,44.3807571,-73.2596334,71.08,4.76999998093,AUTO,4,10,0.0,None,None,1475084425.08
394,44.3807804,-73.2596341,71.05,4.73999977112,AUTO,4,10,0.0,None,None,1475084425.61
394,44.3808022,-73.2596351,71.04,5.03999996185,AUTO,4,10,0.0,None,None,1475084426.14
395,44.3808243,-73.2596357,71.08,5.08999967575,AUTO,4,10,0.0,None,None,1475084426.67
395,44.3808468,-73.2596355,71.09,4.94999980927,AUTO,4,10,0.0,None,None,1475084427.2
395,44.3808786,-73.2596354,71.12,4.82999992371,AUTO,4,10,0.0,None,None,1475084427.73
395,44.3808997,-73.2596354,71.13,4.94999980927,AUTO,4,10,0.0,None,None,1475084428.26
396,44.3809206,-73.2596355,71.17,4.77999973297,AUTO,4,10,0.0,None,None,1475084428.8
396,44.3809409,-73.2596352,71.14,4.75,AUTO,4,10,0.0,None,None,1475084429.33
396,44.3809625,-73.2596355,71.13,4.77999973297,AUTO,4,10,0.0,None,None,1475084429.86
396,44.3809854,-73.2596362,71.16,4.94999980927,AUTO,4,10,0.0,None,None,1475084430.39
397,44.3810167,-73.2596362,71.14,4.84999990463,AUTO,4,10,0.0,None,None,1475084430.97
397,44.3810381,-73.2596362,71.1,4.92000007629,AUTO,4,10,0.0,None,None,1475084431.51
397,44.3810602,-73.2596366,71.1,5.11999988556,AUTO,4,10,0.0,None,None,1475084432.04
397,44.3810825,-73.259637,71.12,5.11999988556,AUTO,4,10,0.0,None,None,1475084432.57
397,44.3811137,-73.2596366,71.23,4.84999990463,AUTO,4,10,0.0,None,None,1475084433.1
397,44.381134,-73.2596355,71.3,4.63000011444,AUTO,4,10,0.0,None,None,1475084433.63
397,44.3811532,-73.2596337,71.33,4.44000005722,AUTO,4,10,0.0,None,None,1475084434.16
397,44.381174,-73.2596323,71.26,4.61000013351,AUTO,4,10,0.0,None,None,1475084434.69
397,44.3811958,-73.2596327,71.22,4.73999977112,AUTO,4,10,0.0,None,None,1475084435.22
397,44.3812174,-73.259634,71.22,4.69999980927,AUTO,4,10,0.0,None,None,1475084435.76
397,44.3812376,-73.2596352,71.19,4.53999996185,AUTO,4,10,0.0,None,None,1475084436.29
399,44.3812689,-73.2596359,71.09,4.78999996185,AUTO,4,10,0.0,None,None,1475084436.82
399,44.3812916,-73.2596362,71.01,4.86999988556,AUTO,4,10,0.0,None,None,1475084437.35
399,44.3813126,-73.2596361,70.98,4.85999965668,AUTO,4,10,0.0,None,None,1475084437.88
399,44.3813331,-73.2596353,70.99,4.63000011444,AUTO,4,10,0.0,None,None,1475084438.42
400,44.3813537,-73.2596338,71.03,4.5499997139,AUTO,4,10,0.0,None,None,1475084439.01
400,44.3813754,-73.259632,71.04,4.58999967575,AUTO,4,10,0.0,None,None,1475084439.54
400,44.3814074,-73.2596315,71.04,4.71999979019,AUTO,4,10,0.0,None,None,1475084440.07
399,44.381429,-73.259632,71.06,4.82999992371,AUTO,4,10,0.0,None,None,1475084440.6
399,44.3814503,-73.2596323,71.12,4.67000007629,AUTO,4,10,0.0,None,None,1475084441.14
399,44.3814723,-73.2596322,71.11,4.67999982834,AUTO,4,10,0.0,None,None,1475084441.67
399,44.381494,-73.2596327,71.1,4.94999980927,AUTO,4,10,0.0,None,None,1475084442.2
398,44.3815169,-73.2596338,71.09,4.85999965668,AUTO,4,10,0.0,None,None,1475084442.73
398,44.3815373,-73.2596339,71.17,4.67999982834,AUTO,4,10,0.0,None,None,1475084443.26
398,44.3815549,-73.2596322,71.21,4.02999973297,AUTO,4,10,0.0,None,None,1475084443.8
398,44.3815773,-73.2596256,71.11,3.56999993324,AUTO,4,10,0.0,None,None,1475084444.33
394,44.3815907,-73.2596171,71.06,3.62999987602,AUTO,4,10,0.0,None,None,1475084444.87
394,44.381602,-73.2596035,71.07,3.4399998188,AUTO,4,10,0.0,None,None,1475084445.4
394,44.3816092,-73.2595822,71.03,3.91999983788,AUTO,4,10,0.0,None,None,1475084445.93
394,44.3816152,-73.2595579,71.07,4.07999992371,AUTO,4,10,0.0,None,None,1475084446.46
392,44.3816222,-73.2595299,71.07,2.87999987602,AUTO,4,10,0.0,None,None,1475084447.06
392,44.3816275,-73.259519,71.02,2.26999998093,AUTO,4,10,0.0,None,None,1475084447.59
392,44.3816333,-73.2595125,70.97,1.62999999523,AUTO,4,10,0.0,None,None,1475084448.12
393,44.3816351,-73.2595072,71.0,0.909999966621,AUTO,4,10,0.0,None,None,1475084448.65
393,44.381632,-73.2595023,71.04,1.07999992371,AUTO,4,10,0.0,None,None,1475084449.18
393,44.3816198,-73.2594951,71.11,2.06999993324,AUTO,4,10,0.0,None,None,1475084449.71
393,44.3816116,-73.2594918,71.15,1.94999992847,AUTO,4,10,0.0,None,None,1475084450.25
394,44.3816033,-73.2594902,71.17,1.87999999523,AUTO,4,10,0.0,None,None,1475084450.78
394,44.3815927,-73.259489,71.2,2.38999986649,AUTO,4,10,0.0,None,None,1475084451.31
394,44.3815804,-73.2594887,71.21,2.95000004768,AUTO,4,10,0.0,None,None,1475084451.85
394,44.3815662,-73.2594887,71.26,3.1099998951,AUTO,4,10,0.0,None,None,1475084452.38
394,44.3815418,-73.2594896,71.31,3.56999993324,AUTO,4,10,0.0,None,None,1475084452.91
394,44.3815223,-73.2594901,71.31,3.86999988556,AUTO,4,10,0.0,None,None,1475084453.44
394,44.381503,-73.2594902,71.4,3.90999984741,AUTO,4,10,0.0,None,None,1475084453.97
394,44.3814853,-73.2594901,71.38,4.07999992371,AUTO,4,10,0.0,None,None,1475084454.51
395,44.3814668,-73.2594894,71.28,4.11000013351,AUTO,4,10,0.0,None,None,1475084455.05
395,44.3814469,-73.259488,71.14,4.63000011444,AUTO,4,10,0.0,None,None,1475084455.59
395,44.3814247,-73.259486,71.04,4.86999988556,AUTO,4,10,0.0,None,None,1475084456.12
395,44.3813917,-73.2594847,70.99,4.75,AUTO,4,10,0.0,None,None,1475084456.65
395,44.3813805,-73.2594848,70.99,4.76999998093,AUTO,4,10,0.0,None,None,1475084457.18
395,44.381347,-73.2594866,71.02,4.76999998093,AUTO,4,10,0.0,None,None,1475084457.72
395,44.3813263,-73.2594877,71.05,4.84999990463,AUTO,4,10,0.0,None,None,1475084458.25
395,44.3813054,-73.2594886,71.16,4.58999967575,AUTO,4,10,0.0,None,None,1475084458.78
395,44.381286,-73.2594903,71.22,4.13999986649,AUTO,4,10,0.0,None,None,1475084459.31
395,44.3812679,-73.259492,71.24,4.03999996185,AUTO,4,10,0.0,None,None,1475084459.84
395,44.3812484,-73.259492,71.07,4.71000003815,AUTO,4,10,0.0,None,None,1475084460.37
397,44.3812232,-73.2594875,71.04,5.42999982834,AUTO,4,10,0.0,None,None,1475084460.91
397,44.3811969,-73.2594832,71.07,5.38000011444,AUTO,4,10,0.0,None,None,1475084461.44
397,44.3811623,-73.2594828,71.04,5.32999992371,AUTO,4,10,0.0,None,None,1475084461.97
397,44.3811388,-73.2594833,70.99,5.15000009537,AUTO,4,10,0.0,None,None,1475084462.5
398,44.3811151,-73.2594833,71.02,5.13999986649,AUTO,4,10,0.0,None,None,1475084463.11
398,44.3810913,-73.2594843,71.07,5.07999992371,AUTO,4,10,0.0,None,None,1475084463.65
398,44.3810695,-73.2594861,71.09,4.69999980927,AUTO,4,10,0.0,None,None,1475084464.18
397,44.381048,-73.2594878,71.08,4.69000005722,AUTO,4,10,0.0,None,None,1475084464.71
397,44.3810158,-73.2594888,71.07,4.75,AUTO,4,10,0.0,None,None,1475084465.24
397,44.3809935,-73.2594888,71.1,4.85999965668,AUTO,4,10,0.0,None,None,1475084465.78
397,44.3809721,-73.2594886,71.13,4.94999980927,AUTO,4,10,0.0,None,None,1475084466.31
397,44.3809506,-73.2594884,71.12,4.88999986649,AUTO,4,10,0.0,None,None,1475084466.84
397,44.3809291,-73.2594884,71.13,5.06999969482,AUTO,4,10,0.0,None,None,1475084467.37
397,44.3809063,-73.2594886,71.13,5.01999998093,AUTO,4,10,0.0,None,None,1475084467.9
397,44.3808743,-73.2594894,71.21,4.88000011444,AUTO,4,10,0.0,None,None,1475084468.43
394,44.380853,-73.2594901,71.2,4.71000003815,AUTO,4,10,0.0,None,None,1475084468.96
394,44.3808315,-73.2594903,71.2,4.77999973297,AUTO,4,10,0.0,None,None,1475084469.5
394,44.3808097,-73.2594896,71.18,4.73000001907,AUTO,4,10,0.0,None,None,1475084470.03
394,44.380788,-73.2594885,71.19,4.73999977112,AUTO,4,10,0.0,None,None,1475084470.56
396,44.3807659,-73.2594877,71.16,4.7999997139,AUTO,4,10,0.0,None,None,1475084471.11
396,44.3807337,-73.2594858,71.17,5.0499997139,AUTO,4,10,0.0,None,None,1475084471.64
396,44.3807105,-73.2594848,71.18,4.98999977112,AUTO,4,10,0.0,None,None,1475084472.17
397,44.3806884,-73.2594844,71.16,5.01999998093,AUTO,4,10,0.0,None,None,1475084472.7
397,44.3806663,-73.2594841,71.09,5.21000003815,AUTO,4,10,0.0,None,None,1475084473.23
397,44.3806434,-73.2594828,71.04,5.26999998093,AUTO,4,10,0.0,None,None,1475084473.76
397,44.3806194,-73.2594816,71.06,5.25999975204,AUTO,4,10,0.0,None,None,1475084474.3
397,44.3805963,-73.2594821,71.1,5.10999965668,AUTO,4,10,0.0,None,None,1475084474.83
397,44.3805641,-73.2594842,71.09,5.00999975204,AUTO,4,10,0.0,None,None,1475084475.36
397,44.3805417,-73.2594852,71.09,5.00999975204,AUTO,4,10,0.0,None,None,1475084475.89
397,44.3805204,-73.2594855,71.07,5.08999967575,AUTO,4,10,0.0,None,None,1475084476.42
398,44.3804977,-73.2594853,71.06,5.00999975204,AUTO,4,10,0.0,None,None,1475084476.95
398,44.380475,-73.2594851,71.05,4.90999984741,AUTO,4,10,0.0,None,None,1475084477.49
398,44.3804519,-73.2594851,71.09,4.98999977112,AUTO,4,10,0.0,None,None,1475084478.02
398,44.3804207,-73.2594861,71.13,4.7999997139,AUTO,4,10,0.0,None,None,1475084478.55
398,44.3803997,-73.259487,71.12,4.7999997139,AUTO,4,10,0.0,None,None,1475084479.13
398,44.3803785,-73.2594874,71.12,5.02999973297,AUTO,4,9,0.0,None,None,1475084479.67
398,44.3803557,-73.2594871,71.14,5.0,AUTO,4,9,0.0,None,None,1475084480.2
400,44.3803339,-73.2594872,71.17,5.02999973297,AUTO,4,9,0.0,None,None,1475084480.73
400,44.3803019,-73.2594881,71.2,4.86999988556,AUTO,4,10,0.0,None,None,1475084481.26
400,44.3802796,-73.2594885,71.25,4.90000009537,AUTO,4,9,0.0,None,None,1475084481.79
400,44.3802582,-73.2594885,71.32,4.88999986649,AUTO,4,10,0.0,None,None,1475084482.32
402,44.3802389,-73.2594891,71.31,4.25,AUTO,4,10,0.0,None,None,1475084482.86
402,44.3802198,-73.2594891,71.15,4.44000005722,AUTO,4,10,0.0,None,None,1475084483.39
402,44.3801993,-73.2594876,71.0,4.98999977112,AUTO,4,10,0.0,None,None,1475084483.92
402,44.3801753,-73.2594844,70.98,5.44999980927,AUTO,4,10,0.0,None,None,1475084484.45
402,44.3801408,-73.259481,71.12,5.51999998093,AUTO,4,10,0.0,None,None,1475084484.98
402,44.3801224,-73.2594809,71.15,4.0,AUTO,4,10,0.0,None,None,1475084485.51
402,44.3801083,-73.2594787,70.98,3.25,AUTO,4,10,0.0,None,None,1475084486.05
402,44.3800992,-73.2594689,70.86,2.38999986649,AUTO,4,10,0.0,None,None,1475084486.58
404,44.380092,-73.2594478,70.85,2.50999999046,AUTO,4,10,0.0,None,None,1475084487.16
404,44.3800862,-73.259433,70.94,2.73000001907,AUTO,4,10,0.0,None,None,1475084487.69
404,44.3800802,-73.2594185,71.04,2.83999991417,AUTO,4,10,0.0,None,None,1475084488.22
404,44.3800749,-73.2594023,71.13,3.1899998188,AUTO,4,10,0.0,None,None,1475084488.76
404,44.3800709,-73.2593855,71.22,3.01999998093,AUTO,4,10,0.0,None,None,1475084489.29
404,44.3800681,-73.2593716,71.19,2.11999988556,AUTO,4,9,0.0,None,None,1475084489.82
404,44.380068,-73.2593605,71.07,1.39999997616,AUTO,4,10,0.0,None,None,1475084490.35
412,44.3800717,-73.2593584,71.0,0.709999978542,AUTO,4,10,0.0,None,None,1475084490.89
412,44.3800774,-73.2593567,70.99,1.23000001907,AUTO,4,10,0.0,None,None,1475084491.42
412,44.3800852,-73.2593541,71.01,2.05999994278,AUTO,4,10,0.0,None,None,1475084491.96
412,44.3800944,-73.2593508,71.06,2.16999983788,AUTO,4,10,0.0,None,None,1475084492.49
412,44.3801044,-73.2593479,71.13,2.3599998951,AUTO,4,10,0.0,None,None,1475084493.02
412,44.3801228,-73.2593443,71.24,2.89999985695,AUTO,4,10,0.0,None,None,1475084493.55
412,44.3801368,-73.2593423,71.31,3.25999999046,AUTO,4,10,0.0,None,None,1475084494.09
412,44.3801514,-73.2593411,71.4,3.33999991417,AUTO,4,10,0.0,None,None,1475084494.62
412,44.3801744,-73.2593401,71.41,3.44999980927,AUTO,4,10,0.0,None,None,1475084495.19
412,44.3801913,-73.2593405,71.4,3.64999985695,AUTO,4,10,0.0,None,None,1475084495.72
412,44.3802095,-73.2593415,71.32,3.81999993324,AUTO,4,10,0.0,None,None,1475084496.25
413,44.3802295,-73.2593424,71.26,4.13000011444,AUTO,4,10,0.0,None,None,1475084496.78
413,44.3802485,-73.2593426,71.19,4.33999967575,AUTO,4,10,0.0,None,None,1475084497.31
413,44.3802682,-73.2593423,71.12,4.48000001907,AUTO,4,12,0.0,None,None,1475084497.84
413,44.3802888,-73.259342,71.06,4.65999984741,AUTO,4,12,0.0,None,None,1475084498.38
413,44.3803202,-73.2593416,71.06,4.81999969482,AUTO,4,12,0.0,None,None,1475084498.91
413,44.3803405,-73.2593402,71.06,4.59999990463,AUTO,4,12,0.0,None,None,1475084499.44
413,44.3803618,-73.259339,71.01,4.63999986649,AUTO,4,12,0.0,None,None,1475084499.97
413,44.380383,-73.2593387,70.94,4.65000009537,AUTO,4,11,0.0,None,None,1475084500.5
413,44.3804044,-73.2593399,70.94,5.10999965668,AUTO,4,11,0.0,None,None,1475084501.03
413,44.3804263,-73.2593411,70.93,4.76999998093,AUTO,4,11,0.0,None,None,1475084501.56
413,44.3804468,-73.2593415,70.95,4.67000007629,AUTO,4,11,0.0,None,None,1475084502.1
413,44.3804794,-73.2593415,70.99,4.71000003815,AUTO,4,11,0.0,None,None,1475084502.63
413,44.3804992,-73.2593413,71.05,4.88000011444,AUTO,4,11,0.0,None,None,1475084503.21
413,44.3805204,-73.2593412,71.1,4.85999965668,AUTO,4,11,0.0,None,None,1475084503.75
413,44.3805425,-73.2593409,71.12,4.81999969482,AUTO,4,12,0.0,None,None,1475084504.28
413,44.3805642,-73.2593408,71.07,4.78999996185,AUTO,4,12,0.0,None,None,1475084504.81
413,44.3805963,-73.259342,71.07,4.75,AUTO,4,12,0.0,None,None,1475084505.34
413,44.3806176,-73.259342,71.12,4.77999973297,AUTO,4,12,0.0,None,None,1475084505.87
413,44.380639,-73.2593413,71.11,4.83999967575,AUTO,4,12,0.0,None,None,1475084506.4
413,44.3806604,-73.2593405,71.11,4.90999984741,AUTO,4,12,0.0,None,None,1475084506.93
413,44.3806815,-73.25934,71.11,4.92999982834,AUTO,4,12,0.0,None,None,1475084507.47
413,44.3807038,-73.2593398,71.13,4.98999977112,AUTO,4,12,0.0,None,None,1475084508.0
413,44.380725,-73.2593393,71.13,4.88000011444,AUTO,4,12,0.0,None,None,1475084508.53
413,44.380757,-73.2593386,71.12,4.96999979019,AUTO,4,12,0.0,None,None,1475084509.06
413,44.3807795,-73.2593388,71.12,4.98000001907,AUTO,4,12,0.0,None,None,1475084509.59
413,44.3808008,-73.2593387,71.15,4.88999986649,AUTO,4,12,0.0,None,None,1475084510.13
413,44.3808215,-73.2593383,71.16,4.75999975204,AUTO,4,12,0.0,None,None,1475084510.66
413,44.3808423,-73.2593378,71.15,4.69000005722,AUTO,4,12,0.0,None,None,1475084511.24
413,44.3808751,-73.2593375,71.16,4.69999980927,AUTO,4,12,0.0,None,None,1475084511.77
413,44.3808967,-73.2593378,71.14,4.75999975204,AUTO,4,12,0.0,None,None,1475084512.3
413,44.3809177,-73.2593381,71.13,4.84999990463,AUTO,4,12,0.0,None,None,1475084512.84
413,44.3809405,-73.2593386,71.12,4.83999967575,AUTO,4,12,0.0,None,None,1475084513.37
413,44.3809616,-73.259339,71.13,4.86999988556,AUTO,4,12,0.0,None,None,1475084513.9
413,44.3809837,-73.259339,71.16,4.98000001907,AUTO,4,12,0.0,None,None,1475084514.44
412,44.3810166,-73.2593383,71.17,4.88999986649,AUTO,4,12,0.0,None,None,1475084514.97
412,44.3810381,-73.2593385,71.16,4.90999984741,AUTO,4,12,0.0,None,None,1475084515.5
412,44.3810594,-73.2593389,71.18,5.00999975204,AUTO,4,12,0.0,None,None,1475084516.03
412,44.381081,-73.2593394,71.11,4.83999967575,AUTO,4,12,0.0,None,None,1475084516.57
412,44.3811022,-73.2593406,71.04,4.96000003815,AUTO,4,12,0.0,None,None,1475084517.1
412,44.3811343,-73.2593429,71.06,5.01999998093,AUTO,4,12,0.0,None,None,1475084517.63
412,44.3811553,-73.2593431,71.09,4.90999984741,AUTO,4,12,0.0,None,None,1475084518.16
412,44.3811761,-73.2593427,71.07,4.86999988556,AUTO,4,12,0.0,None,None,1475084518.69
413,44.3812087,-73.2593425,71.01,4.90999984741,AUTO,4,12,0.0,None,None,1475084519.3
413,44.38123,-73.2593429,71.01,4.92000007629,AUTO,4,12,0.0,None,None,1475084519.84
413,44.3812522,-73.2593427,71.02,4.90999984741,AUTO,4,12,0.0,None,None,1475084520.37
412,44.3812738,-73.2593423,71.07,4.75,AUTO,4,12,0.0,None,None,1475084520.9
412,44.3812945,-73.2593413,71.08,4.88000011444,AUTO,4,12,0.0,None,None,1475084521.43
412,44.3813148,-73.2593408,71.08,4.67000007629,AUTO,4,12,0.0,None,None,1475084521.97
412,44.3813372,-73.259341,71.08,4.81999969482,AUTO,4,12,0.0,None,None,1475084522.5
412,44.3813683,-73.2593422,71.1,4.90999984741,AUTO,4,12,0.0,None,None,1475084523.03
412,44.3813901,-73.259342,71.2,4.80999994278,AUTO,4,12,0.0,None,None,1475084523.56
412,44.3814101,-73.2593405,71.23,4.57999992371,AUTO,4,12,0.0,None,None,1475084524.09
412,44.38143,-73.259339,71.22,4.56999969482,AUTO,4,12,0.0,None,None,1475084524.62
412,44.3814616,-73.2593389,71.06,4.90000009537,AUTO,4,12,0.0,None,None,1475084525.26
412,44.3814832,-73.2593402,71.05,5.05999994278,AUTO,4,12,0.0,None,None,1475084525.79
412,44.3815042,-73.2593411,71.05,4.81999969482,AUTO,4,12,0.0,None,None,1475084526.33
411,44.3815247,-73.2593412,71.02,4.88000011444,AUTO,4,12,0.0,None,None,1475084526.86
411,44.3815535,-73.2593405,71.05,4.36000013351,AUTO,4,12,0.0,None,None,1475084527.39
411,44.3815701,-73.2593377,71.02,3.75,AUTO,4,12,0.0,None,None,1475084527.92
411,44.3815849,-73.2593314,70.98,3.57999992371,AUTO,4,12,0.0,None,None,1475084528.45
412,44.3815974,-73.2593212,70.99,3.50999999046,AUTO,4,12,0.0,None,None,1475084528.98
412,44.3816074,-73.2593044,71.05,3.69999980927,AUTO,4,12,0.0,None,None,1475084529.51
412,44.3816152,-73.2592818,71.13,4.0,AUTO,4,12,0.0,None,None,1475084530.05
412,44.3816219,-73.2592545,71.25,2.98000001907,AUTO,4,12,0.0,None,None,1475084530.59
412,44.3816247,-73.2592414,71.13,2.37999987602,AUTO,4,12,0.0,None,None,1475084531.12
412,44.3816277,-73.2592291,71.04,2.19000005722,AUTO,4,12,0.0,None,None,1475084531.66
412,44.3816296,-73.2592177,71.01,1.82999992371,AUTO,4,12,0.0,None,None,1475084532.19
412,44.3816284,-73.2592082,71.01,1.68999993801,AUTO,4,12,0.0,None,None,1475084532.72
411,44.3816199,-73.259198,71.08,1.79999995232,AUTO,4,12,0.0,None,None,1475084533.31
411,44.3816107,-73.2591935,71.14,2.21000003815,AUTO,4,12,0.0,None,None,1475084533.85
411,44.3816019,-73.2591903,71.2,2.18000006676,AUTO,4,12,0.0,None,None,1475084534.38
411,44.3815938,-73.259188,71.2,1.89999997616,AUTO,4,12,0.0,None,None,1475084534.92
411,44.3815837,-73.259185,71.13,2.37999987602,AUTO,4,12,0.0,None,None,1475084535.45
411,44.3815706,-73.259182,71.14,2.98000001907,AUTO,4,12,0.0,None,None,1475084535.98
411,44.3815542,-73.2591798,71.13,3.79999995232,AUTO,4,12,0.0,None,None,1475084536.51
409,44.3815288,-73.2591792,71.1,3.8599998951,AUTO,4,12,0.0,None,None,1475084537.04
409,44.3815113,-73.2591792,71.1,3.94999980927,AUTO,4,12,0.0,None,None,1475084537.58
409,44.3814929,-73.2591792,71.08,4.23999977112,AUTO,4,12,0.0,None,None,1475084538.11
409,44.3814729,-73.2591791,71.08,4.31999969482,AUTO,4,12,0.0,None,None,1475084538.64
410,44.381453,-73.2591797,71.1,4.5,AUTO,4,12,0.0,None,None,1475084539.17
410,44.3814323,-73.2591807,71.1,4.50999975204,AUTO,4,12,0.0,None,None,1475084539.7
410,44.3814012,-73.2591818,71.11,4.59999990463,AUTO,4,12,0.0,None,None,1475084540.23
410,44.3813801,-73.259183,71.23,4.69999980927,AUTO,4,12,0.0,None,None,1475084540.77
410,44.3813593,-73.2591851,71.16,4.33999967575,AUTO,4,12,0.0,None,None,1475084541.34
410,44.3813393,-73.2591853,71.04,4.56999969482,AUTO,4,12,0.0,None,None,1475084541.87
410,44.3813181,-73.2591828,70.99,4.75,AUTO,4,12,0.0,None,None,1475084542.41
410,44.3812947,-73.2591801,70.98,4.96000003815,AUTO,4,12,0.0,None,None,1475084542.94
410,44.3812729,-73.2591795,70.98,5.02999973297,AUTO,4,12,0.0,None,None,1475084543.47
410,44.3812391,-73.2591801,70.99,4.7999997139,AUTO,4,12,0.0,None,None,1475084544.0
410,44.381217,-73.2591808,71.02,4.90999984741,AUTO,4,12,0.0,None,None,1475084544.54
409,44.3811953,-73.2591821,71.04,5.0,AUTO,4,12,0.0,None,None,1475084545.07
409,44.3811732,-73.2591837,71.09,4.82999992371,AUTO,4,12,0.0,None,None,1475084545.61
409,44.3811514,-73.2591852,71.09,4.83999967575,AUTO,4,12,0.0,None,None,1475084546.14
409,44.3811191,-73.2591861,71.09,5.0,AUTO,4,12,0.0,None,None,1475084546.67
409,44.381098,-73.2591864,71.15,4.83999967575,AUTO,4,12,0.0,None,None,1475084547.2
409,44.3810768,-73.2591862,71.22,4.65999984741,AUTO,4,12,0.0,None,None,1475084547.73
409,44.3810567,-73.2591866,71.26,4.67000007629,AUTO,4,12,0.0,None,None,1475084548.26
409,44.3810354,-73.2591871,71.25,4.69000005722,AUTO,4,12,0.0,None,None,1475084548.79
409,44.3810027,-73.2591867,71.14,4.7999997139,AUTO,4,12,0.0,None,None,1475084549.37
409,44.3809804,-73.2591853,71.08,5.23000001907,AUTO,4,12,0.0,None,None,1475084549.91
409,44.3809579,-73.2591841,71.04,5.13000011444,AUTO,4,12,0.0,None,None,1475084550.44
410,44.3809344,-73.2591835,71.04,4.92000007629,AUTO,4,12,0.0,None,None,1475084550.97
410,44.3809131,-73.259184,71.05,4.75999975204,AUTO,4,12,0.0,None,None,1475084551.5
410,44.3808921,-73.2591848,71.05,4.84999990463,AUTO,4,12,0.0,None,None,1475084552.03
410,44.3808589,-73.2591856,71.04,4.96000003815,AUTO,4,12,0.0,None,None,1475084552.56
409,44.3808374,-73.2591858,71.06,4.88999986649,AUTO,4,12,0.0,None,None,1475084553.09
409,44.380816,-73.2591858,71.05,4.94999980927,AUTO,4,12,0.0,None,None,1475084553.63
409,44.3807949,-73.2591855,71.03,4.92000007629,AUTO,4,12,0.0,None,None,1475084554.16
409,44.3807733,-73.2591851,71.1,4.85999965668,AUTO,4,12,0.0,None,None,1475084554.69
409,44.3807412,-73.2591854,71.16,4.85999965668,AUTO,4,12,0.0,None,None,1475084555.22
409,44.380719,-73.2591857,71.09,4.82999992371,AUTO,4,12,0.0,None,None,1475084555.75
409,44.3806972,-73.2591849,71.05,5.06999969482,AUTO,4,12,0.0,None,None,1475084556.28
409,44.3806752,-73.259184,71.06,5.05999994278,AUTO,4,12,0.0,None,None,1475084556.81
409,44.3806534,-73.2591838,71.08,5.11999988556,AUTO,4,12,0.0,None,None,1475084557.39
409,44.3806203,-73.2591845,71.12,5.06999969482,AUTO,4,12,0.0,None,None,1475084557.93
409,44.3805975,-73.2591853,71.15,4.94000005722,AUTO,4,12,0.0,None,None,1475084558.46
409,44.3805768,-73.2591857,71.18,4.88999986649,AUTO,4,12,0.0,None,None,1475084558.99
409,44.3805568,-73.2591861,71.18,4.69999980927,AUTO,4,12,0.0,None,None,1475084559.52
409,44.380536,-73.2591862,71.16,4.58999967575,AUTO,4,12,0.0,None,None,1475084560.05
409,44.3805159,-73.2591861,71.16,4.61000013351,AUTO,4,12,0.0,None,None,1475084560.58
410,44.3804844,-73.2591854,71.08,4.83999967575,AUTO,4,12,0.0,None,None,1475084561.11
410,44.3804618,-73.2591844,71.09,5.10999965668,AUTO,4,12,0.0,None,None,1475084561.65
410,44.3804399,-73.2591839,71.07,4.98999977112,AUTO,4,12,0.0,None,None,1475084562.18
410,44.380418,-73.2591834,71.03,5.11999988556,AUTO,4,12,0.0,None,None,1475084562.71
410,44.3803956,-73.2591821,71.05,5.15000009537,AUTO,4,12,0.0,None,None,1475084563.24
410,44.3803625,-73.2591816,71.09,5.17000007629,AUTO,4,12,0.0,None,None,1475084563.78
410,44.380341,-73.259183,71.1,4.98000001907,AUTO,4,12,0.0,None,None,1475084564.31
410,44.3803184,-73.2591844,71.09,4.96999979019,AUTO,4,12,0.0,None,None,1475084564.85
410,44.3802954,-73.259185,71.07,5.11999988556,AUTO,4,12,0.0,None,None,1475084565.42
410,44.3802731,-73.2591853,71.06,5.21999979019,AUTO,4,12,0.0,None,None,1475084565.96
410,44.3802502,-73.2591853,71.08,5.00999975204,AUTO,4,12,0.0,None,None,1475084566.5
410,44.3802171,-73.2591869,71.1,5.0,AUTO,4,12,0.0,None,None,1475084567.03
410,44.3801953,-73.2591883,71.08,4.85999965668,AUTO,4,12,0.0,None,None,1475084567.56
410,44.3801729,-73.2591892,71.08,4.92999982834,AUTO,4,12,0.0,None,None,1475084568.09
410,44.380151,-73.2591891,71.09,5.09999990463,AUTO,4,12,0.0,None,None,1475084568.62
410,44.3801296,-73.2591877,71.11,4.65000009537,AUTO,4,12,0.0,None,None,1475084569.15
410,44.3801114,-73.2591845,71.17,4.02999973297,AUTO,4,12,0.0,None,None,1475084569.69
410,44.3800911,-73.259175,71.12,3.37999987602,AUTO,4,12,0.0,None,None,1475084570.22
410,44.3800822,-73.2591643,71.08,2.73000001907,AUTO,4,12,0.0,None,None,1475084570.75
410,44.3800764,-73.25915,71.02,2.64999985695,AUTO,4,12,0.0,None,None,1475084571.28
410,44.3800722,-73.2591342,71.02,2.75,AUTO,4,12,0.0,None,None,1475084571.81
410,44.3800683,-73.2591177,70.99,2.83999991417,AUTO,4,12,0.0,None,None,1475084572.35
410,44.3800637,-73.2590889,71.04,3.26999998093,AUTO,4,12,0.0,None,None,1475084572.88
409,44.3800607,-73.2590712,71.13,3.14999985695,AUTO,4,12,0.0,None,None,1475084573.45
409,44.3800566,-73.2590578,71.12,2.6099998951,AUTO,4,12,0.0,None,None,1475084573.98
409,44.3800539,-73.2590499,71.04,2.00999999046,AUTO,4,12,0.0,None,None,1475084574.51
410,44.380055,-73.259047,70.94,0.370000004768,AUTO,4,12,0.0,None,None,1475084575.04
410,44.3800595,-73.259047,70.93,1.20999991894,AUTO,4,12,0.0,None,None,1475084575.57
410,44.3800704,-73.259045,70.97,1.66999995708,AUTO,4,12,0.0,None,None,1475084576.11
410,44.3800784,-73.2590427,71.02,1.78999996185,AUTO,4,12,0.0,None,None,1475084576.64
410,44.3800865,-73.2590406,71.07,1.78999996185,AUTO,4,12,0.0,None,None,1475084577.17
410,44.3800969,-73.2590387,71.1,2.25999999046,AUTO,4,12,0.0,None,None,1475084577.7
410,44.3801096,-73.2590377,71.13,2.63999986649,AUTO,4,12,0.0,None,None,1475084578.23
410,44.3801236,-73.259037,71.19,3.24000000954,AUTO,4,12,0.0,None,None,1475084578.76
410,44.3801456,-73.2590348,71.23,3.30999994278,AUTO,4,12,0.0,None,None,1475084579.29
410,44.3801615,-73.2590332,71.23,3.3599998951,AUTO,4,12,0.0,None,None,1475084579.83
410,44.3801797,-73.2590321,71.21,3.66999983788,AUTO,4,12,0.0,None,None,1475084580.36
410,44.380199,-73.2590312,71.21,4.28999996185,AUTO,4,12,0.0,None,None,1475084580.89
410,44.3802203,-73.25903,71.2,4.69999980927,AUTO,4,12,0.0,None,None,1475084581.48
410,44.3802417,-73.259029,71.17,4.90000009537,AUTO,4,12,0.0,None,None,1475084582.01
410,44.3802735,-73.2590281,71.16,4.88999986649,AUTO,4,12,0.0,None,None,1475084582.54
409,44.380294,-73.2590278,71.14,4.78999996185,AUTO,4,12,0.0,None,None,1475084583.07
409,44.3803152,-73.2590278,71.09,4.75,AUTO,4,12,0.0,None,None,1475084583.6
409,44.380336,-73.2590279,71.06,4.76999998093,AUTO,4,12,0.0,None,None,1475084584.13
409,44.3803586,-73.2590283,71.03,4.92999982834,AUTO,4,12,0.0,None,None,1475084584.66
409,44.3803799,-73.2590285,71.0,4.96999979019,AUTO,4,12,0.0,None,None,1475084585.2
409,44.3804119,-73.259029,71.03,4.98999977112,AUTO,4,12,0.0,None,None,1475084585.73
409,44.3804327,-73.2590288,71.06,4.82999992371,AUTO,4,12,0.0,None,None,1475084586.26
409,44.380453,-73.2590284,71.07,4.75,AUTO,4,12,0.0,None,None,1475084586.79
409,44.3804744,-73.2590285,71.06,4.82999992371,AUTO,4,12,0.0,None,None,1475084587.32
409,44.3804966,-73.2590289,71.05,4.85999965668,AUTO,4,12,0.0,None,None,1475084587.85
409,44.3805303,-73.2590297,71.08,5.0499997139,AUTO,4,12,0.0,None,None,1475084588.39
409,44.3805519,-73.25903,71.12,4.94999980927,AUTO,4,12,0.0,None,None,1475084588.92
410,44.3805726,-73.2590302,71.12,4.75,AUTO,4,12,0.0,None,None,1475084589.5
410,44.3805926,-73.2590307,71.16,4.58999967575,AUTO,4,12,0.0,None,None,1475084590.03
410,44.3806233,-73.2590322,71.13,4.84999990463,AUTO,4,12,0.0,None,None,1475084590.56
410,44.3806443,-73.2590329,71.14,4.7999997139,AUTO,4,12,0.0,None,None,1475084591.1
410,44.3806654,-73.2590333,71.14,4.82999992371,AUTO,4,12,0.0,None,None,1475084591.63
410,44.3806863,-73.2590332,71.15,4.90999984741,AUTO,4,12,0.0,None,None,1475084592.16
410,44.3807082,-73.2590333,71.14,4.88000011444,AUTO,4,12,0.0,None,None,1475084592.69
410,44.3807393,-73.2590341,71.05,4.73000001907,AUTO,4,12,0.0,None,None,1475084593.22
410,44.3807603,-73.2590351,71.02,4.83999967575,AUTO,4,12,0.0,None,None,1475084593.75
410,44.380781,-73.2590356,71.03,4.71000003815,AUTO,4,12,0.0,None,None,1475084594.29
410,44.3808012,-73.2590353,71.09,4.65999984741,AUTO,4,12,0.0,None,None,1475084594.82
410,44.3808227,-73.2590341,71.11,4.55999994278,AUTO,4,12,0.0,None,None,1475084595.35
410,44.3808448,-73.2590327,71.08,4.73000001907,AUTO,4,12,0.0,None,None,1475084595.88
410,44.3808761,-73.2590318,71.08,4.80999994278,AUTO,4,12,0.0,None,None,1475084596.41
410,44.3808971,-73.2590312,71.1,4.61000013351,AUTO,4,12,0.0,None,None,1475084596.94
410,44.3809174,-73.2590309,71.13,4.71000003815,AUTO,4,12,0.0,None,None,1475084597.53
410,44.3809389,-73.2590307,71.1,4.42000007629,AUTO,4,12,0.0,None,None,1475084598.06
410,44.3809592,-73.2590309,71.05,4.71000003815,AUTO,4,12,0.0,None,None,1475084598.59
410,44.380991,-73.2590325,71.04,5.01999998093,AUTO,4,12,0.0,None,None,1475084599.12
410,44.3810121,-73.2590332,71.03,4.86999988556,AUTO,4,12,0.0,None,None,1475084599.65
410,44.3810347,-73.2590331,71.11,4.82999992371,AUTO,4,12,0.0,None,None,1475084600.19
410,44.381056,-73.2590321,71.1,4.59999990463,AUTO,4,12,0.0,None,None,1475084600.72
410,44.3810767,-73.2590318,71.06,4.7999997139,AUTO,4,12,0.0,None,None,1475084601.25
410,44.3810983,-73.2590329,71.02,5.0,AUTO,4,12,0.0,None,None,1475084601.78
410,44.3811207,-73.2590347,71.01,5.0499997139,AUTO,4,12,0.0,None,None,1475084602.31
410,44.3811426,-73.2590358,71.03,4.98000001907,AUTO,4,12,0.0,None,None,1475084602.85
411,44.3811755,-73.259036,71.06,5.02999973297,AUTO,4,12,0.0,None,None,1475084603.38
411,44.381197,-73.2590355,71.06,4.96000003815,AUTO,4,12,0.0,None,None,1475084603.91
411,44.3812185,-73.2590349,71.06,4.86999988556,AUTO,4,12,0.0,None,None,1475084604.44
411,44.38124,-73.2590343,71.08,4.94000005722,AUTO,4,12,0.0,None,None,1475084604.97
410,44.3812729,-73.2590329,71.18,4.88999986649,AUTO,4,12,0.0,None,None,1475084605.56
410,44.3812934,-73.2590311,71.19,4.63999986649,AUTO,4,12,0.0,None,None,1475084606.09
410,44.3813146,-73.2590295,71.21,4.71000003815,AUTO,4,12,0.0,None,None,1475084606.63
410,44.3813351,-73.2590284,71.23,4.71000003815,AUTO,4,12,0.0,None,None,1475084607.16
410,44.3813563,-73.2590275,71.23,4.50999975204,AUTO,4,12,0.0,None,None,1475084607.69
410,44.3813776,-73.2590277,71.16,4.57999992371,AUTO,4,12,0.0,None,None,1475084608.22
410,44.3814097,-73.2590302,71.11,4.7999997139,AUTO,4,12,0.0,None,None,1475084608.75
410,44.3814311,-73.2590317,71.09,4.76999998093,AUTO,4,12,0.0,None,None,1475084609.28
410,44.3814515,-73.2590328,71.09,4.71999979019,AUTO,4,12,0.0,None,None,1475084609.81
410,44.3814731,-73.2590329,71.08,4.76999998093,AUTO,4,12,0.0,None,None,1475084610.35
410,44.3814944,-73.2590329,71.09,4.84999990463,AUTO,4,12,0.0,None,None,1475084610.89
409,44.3815257,-73.2590323,71.11,4.69999980927,AUTO,4,12,0.0,None,None,1475084611.42
409,44.3815451,-73.2590309,71.13,4.36000013351,AUTO,4,12,0.0,None,None,1475084611.95
409,44.3815615,-73.2590287,71.07,3.92999982834,AUTO,4,12,0.0,None,None,1475084612.49
409,44.3815783,-73.2590235,70.95,3.75,AUTO,4,12,0.0,None,None,1475084613.02
409,44.3815926,-73.2590142,70.92,3.67999982834,AUTO,4,12,0.0,None,None,1475084613.58
409,44.3816037,-73.2589984,70.89,3.55999994278,AUTO,4,11,0.0,None,None,1475084614.11
409,44.3816106,-73.2589776,70.89,3.6899998188,AUTO,4,11,0.0,None,None,1475084614.65
408,44.3816157,-73.2589564,70.92,3.56999993324,AUTO,4,11,0.0,None,None,1475084615.18
408,44.3816223,-73.2589294,70.92,2.80999994278,AUTO,4,11,0.0,None,None,1475084615.72
408,44.3816282,-73.258919,70.9,2.13999986649,AUTO,4,11,0.0,None,None,1475084616.25
408,44.3816333,-73.2589119,70.91,1.75999999046,AUTO,4,12,0.0,None,None,1475084616.78
409,44.3816342,-73.258905,70.97,1.26999998093,AUTO,4,11,0.0,None,None,1475084617.31
409,44.3816301,-73.2588992,71.03,1.22000002861,AUTO,4,11,0.0,None,None,1475084617.84
409,44.381622,-73.2588945,71.11,1.87999999523,AUTO,4,11,0.0,None,None,1475084618.38
409,44.381614,-73.2588915,71.16,1.75,AUTO,4,11,0.0,None,None,1475084618.91
406,44.3816067,-73.2588897,71.19,1.73000001907,AUTO,4,11,0.0,None,None,1475084619.44
406,44.3815975,-73.2588878,71.16,2.51999998093,AUTO,4,11,0.0,None,None,1475084619.98
406,44.3815773,-73.2588844,71.18,3.11999988556,AUTO,4,11,0.0,None,None,1475084620.51
406,44.3815616,-73.258883,71.21,3.6099998951,AUTO,4,11,0.0,None,None,1475084621.04
406,44.3815447,-73.2588828,71.2,3.75999999046,AUTO,4,11,0.0,None,None,1475084621.61
406,44.3815274,-73.2588831,71.21,4.00999975204,AUTO,4,11,0.0,None,None,1475084622.14
406,44.3815083,-73.2588836,71.22,4.05999994278,AUTO,4,11,0.0,None,None,1475084622.67
406,44.3814785,-73.2588846,71.2,4.17999982834,AUTO,4,11,0.0,None,None,1475084623.2
406,44.3814596,-73.2588848,71.19,4.2999997139,AUTO,4,11,0.0,None,None,1475084623.73
406,44.3814391,-73.2588848,71.16,4.5,AUTO,4,11,0.0,None,None,1475084624.27
406,44.3814191,-73.2588847,71.08,4.63999986649,AUTO,4,11,0.0,None,None,1475084624.8
408,44.3813978,-73.2588839,71.05,4.71000003815,AUTO,4,11,0.0,None,None,1475084625.33
408,44.3813776,-73.2588833,71.07,4.61000013351,AUTO,4,11,0.0,None,None,1475084625.86
408,44.3813482,-73.2588843,71.03,4.36000013351,AUTO,4,11,0.0,None,None,1475084626.4
408,44.3813275,-73.2588849,70.96,4.71999979019,AUTO,4,11,0.0,None,None,1475084626.93
408,44.3813054,-73.2588846,70.95,4.85999965668,AUTO,4,11,0.0,None,None,1475084627.47
408,44.3812843,-73.2588844,70.96,4.96999979019,AUTO,4,11,0.0,None,None,1475084628.0
408,44.3812628,-73.2588844,70.95,5.06999969482,AUTO,4,11,0.0,None,None,1475084628.53
408,44.3812307,-73.2588842,71.01,4.94999980927,AUTO,4,11,0.0,None,None,1475084629.06
408,44.3812096,-73.2588846,71.06,4.90999984741,AUTO,4,11,0.0,None,None,1475084629.64
408,44.3811889,-73.2588854,71.11,4.80999994278,AUTO,4,11,0.0,None,None,1475084630.17
408,44.3811675,-73.258886,71.14,4.86999988556,AUTO,4,11,0.0,None,None,1475084630.71
408,44.3811355,-73.2588862,71.11,4.78999996185,AUTO,4,11,0.0,None,None,1475084631.24
408,44.381115,-73.2588857,71.13,4.81999969482,AUTO,4,11,0.0,None,None,1475084631.77
408,44.3810947,-73.2588853,71.15,4.73000001907,AUTO,4,11,0.0,None,None,1475084632.3
408,44.3810745,-73.2588853,71.15,4.69000005722,AUTO,4,11,0.0,None,None,1475084632.83
408,44.3810532,-73.2588853,71.12,4.76999998093,AUTO,4,11,0.0,None,None,1475084633.36
408,44.3810315,-73.2588844,71.08,4.83999967575,AUTO,4,11,0.0,None,None,1475084633.89
408,44.3810096,-73.2588834,71.07,4.80999994278,AUTO,4,11,0.0,None,None,1475084634.43
408,44.380977,-73.258882,71.08,4.86999988556,AUTO,4,11,0.0,None,None,1475084634.96
408,44.3809558,-73.2588818,71.09,4.80999994278,AUTO,4,11,0.0,None,None,1475084635.49
408,44.3809332,-73.2588818,71.07,5.10999965668,AUTO,4,11,0.0,None,None,1475084636.03
408,44.3809093,-73.25888,71.08,5.28999996185,AUTO,4,11,0.0,None,None,1475084636.57
408,44.3808869,-73.2588788,71.12,5.13999986649,AUTO,4,11,0.0,None,None,1475084637.1
410,44.380855,-73.2588806,71.16,4.82999992371,AUTO,4,11,0.0,None,None,1475084637.66
410,44.3808315,-73.2588819,71.18,4.94999980927,AUTO,4,11,0.0,None,None,1475084638.19
410,44.3808087,-73.2588828,71.2,5.05999994278,AUTO,4,11,0.0,None,None,1475084638.72
410,44.3807868,-73.2588841,71.18,4.96000003815,AUTO,4,11,0.0,None,None,1475084639.26
410,44.3807666,-73.2588854,71.23,4.58999967575,AUTO,4,11,0.0,None,None,1475084639.8
410,44.3807474,-73.2588874,71.19,4.44000005722,AUTO,4,11,0.0,None,None,1475084640.33
410,44.3807183,-73.2588899,71.09,4.52999973297,AUTO,4,11,0.0,None,None,1475084640.86
409,44.3806954,-73.2588895,71.01,4.7999997139,AUTO,4,11,0.0,None,None,1475084641.39
409,44.3806725,-73.2588878,71.05,5.2999997139,AUTO,4,11,0.0,None,None,1475084641.93
409,44.3806499,-73.2588874,71.08,5.19000005722,AUTO,4,11,0.0,None,None,1475084642.46
409,44.3806283,-73.2588885,71.04,5.02999973297,AUTO,4,11,0.0,None,None,1475084642.99
409,44.3805955,-73.2588873,71.11,4.92000007629,AUTO,4,11,0.0,None,None,1475084643.52
409,44.380574,-73.2588862,71.12,5.03999996185,AUTO,4,11,0.0,None,None,1475084644.05
409,44.3805517,-73.2588858,71.12,4.98000001907,AUTO,4,11,0.0,None,None,1475084644.58
409,44.38053,-73.2588858,71.11,4.84999990463,AUTO,4,11,0.0,None,None,1475084645.11
409,44.3805069,-73.2588856,71.09,5.11999988556,AUTO,4,11,0.0,None,None,1475084645.69
409,44.3804842,-73.258885,71.12,5.07999992371,AUTO,4,11,0.0,None,None,1475084646.22
409,44.380451,-73.2588853,71.1,4.90000009537,AUTO,4,11,0.0,None,None,1475084646.75
409,44.3804291,-73.2588848,71.09,4.94000005722,AUTO,4,11,0.0,None,None,1475084647.28
409,44.3804072,-73.2588832,71.05,4.98000001907,AUTO,4,11,0.0,None,None,1475084647.82
409,44.3803847,-73.2588812,71.06,5.19000005722,AUTO,4,11,0.0,None,None,1475084648.35
409,44.3803625,-73.2588798,71.08,5.00999975204,AUTO,4,11,0.0,None,None,1475084648.88
409,44.3803401,-73.2588801,71.08,5.00999975204,AUTO,4,11,0.0,None,None,1475084649.42
409,44.3803081,-73.258881,71.06,4.98000001907,AUTO,4,11,0.0,None,None,1475084649.95
409,44.3802866,-73.2588811,71.08,5.02999973297,AUTO,4,12,0.0,None,None,1475084650.48
409,44.3802639,-73.2588803,71.12,5.01999998093,AUTO,4,11,0.0,None,None,1475084651.01
409,44.3802416,-73.2588803,71.14,4.96000003815,AUTO,4,11,0.0,None,None,1475084651.54
409,44.3802199,-73.2588816,71.13,4.82999992371,AUTO,4,11,0.0,None,None,1475084652.07
409,44.3801985,-73.2588826,71.12,4.85999965668,AUTO,4,11,0.0,None,None,1475084652.6
409,44.3801651,-73.2588814,71.09,5.0499997139,AUTO,4,11,0.0,None,None,1475084653.14
409,44.3801429,-73.2588801,71.08,5.13999986649,AUTO,4,11,0.0,None,None,1475084653.72
409,44.3801201,-73.2588792,71.13,4.81999969482,AUTO,4,11,0.0,None,None,1475084654.25
409,44.3801006,-73.2588779,71.2,4.58999967575,AUTO,4,11,0.0,None,None,1475084654.78
409,44.380083,-73.2588757,71.16,3.3599998951,AUTO,4,11,0.0,None,None,1475084655.31
409,44.3800705,-73.2588711,71.09,2.75,AUTO,4,11,0.0,None,None,1475084655.85
409,44.3800607,-73.2588573,70.96,2.05999994278,AUTO,4,11,0.0,None,None,1475084656.38
409,44.3800588,-73.2588442,70.9,2.11999988556,AUTO,4,12,0.0,None,None,1475084656.91
410,44.3800575,-73.2588302,70.91,2.27999997139,AUTO,4,12,0.0,None,None,1475084657.45
410,44.3800556,-73.2588145,70.96,2.44000005722,AUTO,4,12,0.0,None,None,1475084657.98
410,44.3800529,-73.2587954,71.05,3.04999995232,AUTO,4,12,0.0,None,None,1475084658.51
410,44.3800489,-73.2587763,71.14,3.17999982834,AUTO,4,11,0.0,None,None,1475084659.05
409,44.3800435,-73.2587618,71.16,2.62999987602,AUTO,4,11,0.0,None,None,1475084659.58
409,44.3800394,-73.2587524,71.05,0.77999997139,AUTO,4,11,0.0,None,None,1475084660.11
409,44.3800414,-73.2587497,71.01,0.439999997616,AUTO,4,11,0.0,None,None,1475084660.65
409,44.3800454,-73.2587461,71.0,1.14999997616,AUTO,4,11,0.0,None,None,1475084661.18
409,44.3800504,-73.2587418,71.01,1.30999994278,AUTO,4,11,0.0,None,None,1475084661.74
409,44.3800558,-73.258739,71.04,1.17999994755,AUTO,4,11,0.0,None,None,1475084662.28
409,44.3800657,-73.258738,71.09,1.45999991894,AUTO,4,11,0.0,None,None,1475084662.82
409,44.3800744,-73.2587381,71.13,2.05999994278,AUTO,4,11,0.0,None,None,1475084663.35
409,44.3800844,-73.2587379,71.15,2.25,AUTO,4,11,0.0,None,None,1475084663.88
409,44.3800959,-73.2587374,71.19,2.59999990463,AUTO,4,11,0.0,None,None,1475084664.42
409,44.3801095,-73.2587367,71.23,2.98000001907,AUTO,4,11,0.0,None,None,1475084664.95
409,44.3801314,-73.2587368,71.21,3.23000001907,AUTO,4,11,0.0,None,None,1475084665.48
409,44.3801468,-73.2587372,71.23,3.61999988556,AUTO,4,11,0.0,None,None,1475084666.01
409,44.3801637,-73.2587371,71.25,3.97000002861,AUTO,4,11,0.0,None,None,1475084666.54
409,44.3801818,-73.2587365,71.27,4.0499997139,AUTO,4,11,0.0,None,None,1475084667.07
409,44.3802006,-73.258736,71.29,4.34999990463,AUTO,4,12,0.0,None,None,1475084667.6
409,44.380231,-73.2587362,71.24,4.61000013351,AUTO,4,12,0.0,None,None,1475084668.14
409,44.380253,-73.2587368,71.25,4.82999992371,AUTO,4,11,0.0,None,None,1475084668.67
409,44.3802754,-73.2587369,71.25,4.7999997139,AUTO,4,11,0.0,None,None,1475084669.2
409,44.3802968,-73.258736,71.25,5.0,AUTO,4,11,0.0,None,None,1475084669.77
409,44.3803178,-73.2587346,71.19,4.73999977112,AUTO,4,11,0.0,None,None,1475084670.3
409,44.38035,-73.2587336,71.05,4.83999967575,AUTO,4,11,0.0,None,None,1475084670.83
408,44.3803712,-73.2587341,70.99,4.94000005722,AUTO,4,11,0.0,None,None,1475084671.36
408,44.3803925,-73.2587343,70.95,4.83999967575,AUTO,4,11,0.0,None,None,1475084671.9
408,44.3804148,-73.2587348,70.9,4.96999979019,AUTO,4,11,0.0,None,None,1475084672.43
408,44.380436,-73.2587355,70.92,4.94000005722,AUTO,4,11,0.0,None,None,1475084672.96
408,44.3804677,-73.258736,70.98,4.94000005722,AUTO,4,11,0.0,None,None,1475084673.49
408,44.380489,-73.2587352,71.0,4.98999977112,AUTO,4,11,0.0,None,None,1475084674.02
408,44.3805102,-73.2587344,71.03,4.88000011444,AUTO,4,11,0.0,None,None,1475084674.55
408,44.3805317,-73.2587339,71.05,4.69000005722,AUTO,4,11,0.0,None,None,1475084675.08
408,44.3805525,-73.2587338,71.07,4.81999969482,AUTO,4,11,0.0,None,None,1475084675.62
408,44.3805732,-73.2587339,71.07,4.77999973297,AUTO,4,11,0.0,None,None,1475084676.15
408,44.3806044,-73.2587335,71.11,4.77999973297,AUTO,4,11,0.0,None,None,1475084676.69
408,44.3806261,-73.2587327,71.13,4.85999965668,AUTO,4,11,0.0,None,None,1475084677.22
408,44.3806465,-73.2587311,71.17,4.84999990463,AUTO,4,11,0.0,None,None,1475084677.8
408,44.3806667,-73.2587296,71.19,4.69000005722,AUTO,4,11,0.0,None,None,1475084678.33
408,44.3806965,-73.2587281,71.23,4.63999986649,AUTO,4,11,0.0,None,None,1475084678.86
408,44.3807164,-73.2587277,71.23,4.5,AUTO,4,11,0.0,None,None,1475084679.4
408,44.3807366,-73.2587278,71.2,4.40999984741,AUTO,4,11,0.0,None,None,1475084679.93
408,44.3807569,-73.2587286,71.2,4.67000007629,AUTO,4,11,0.0,None,None,1475084680.46
408,44.3807774,-73.2587297,71.28,4.65000009537,AUTO,4,11,0.0,None,None,1475084680.99
407,44.3807968,-73.2587296,71.27,4.26999998093,AUTO,4,11,0.0,None,None,1475084681.52
407,44.3808248,-73.2587295,71.23,4.09999990463,AUTO,4,11,0.0,None,None,1475084682.05
407,44.3808446,-73.2587299,71.18,4.42000007629,AUTO,4,11,0.0,None,None,1475084682.58
407,44.3808684,-73.2587313,71.08,5.03999996185,AUTO,4,10,0.0,None,None,1475084683.12
407,44.3808915,-73.2587326,71.09,5.28999996185,AUTO,4,10,0.0,None,None,1475084683.65
407,44.3809137,-73.2587329,71.09,5.19000005722,AUTO,4,10,0.0,None,None,1475084684.18
407,44.380935,-73.2587332,70.99,4.77999973297,AUTO,4,11,0.0,None,None,1475084684.71
407,44.3809701,-73.2587355,70.9,5.0499997139,AUTO,4,11,0.0,None,None,1475084685.26
406,44.3809931,-73.2587362,70.91,5.34999990463,AUTO,4,11,0.0,None,None,1475084685.82
406,44.3810162,-73.2587351,70.96,5.13000011444,AUTO,4,11,0.0,None,None,1475084686.35
406,44.3810368,-73.2587337,70.97,4.61000013351,AUTO,4,11,0.0,None,None,1475084686.89
406,44.3810576,-73.2587327,70.97,4.56999969482,AUTO,4,11,0.0,None,None,1475084687.42
406,44.3810893,-73.2587324,71.02,4.80999994278,AUTO,4,10,0.0,None,None,1475084687.95
406,44.381111,-73.2587322,71.06,4.75,AUTO,4,10,0.0,None,None,1475084688.49
406,44.3811313,-73.2587317,71.09,4.65000009537,AUTO,4,10,0.0,None,None,1475084689.02
406,44.3811518,-73.2587308,71.12,4.57999992371,AUTO,4,10,0.0,None,None,1475084689.55
406,44.3811716,-73.2587304,71.13,4.53999996185,AUTO,4,10,0.0,None,None,1475084690.08
406,44.381202,-73.2587309,71.17,4.67000007629,AUTO,4,10,0.0,None,None,1475084690.61
406,44.3812235,-73.2587311,71.21,4.75999975204,AUTO,4,10,0.0,None,None,1475084691.15
406,44.381244,-73.2587311,71.24,4.42999982834,AUTO,4,10,0.0,None,None,1475084691.68
406,44.3812618,-73.2587313,71.23,4.2999997139,AUTO,4,10,0.0,None,None,1475084692.21
406,44.3812794,-73.258732,71.18,4.21999979019,AUTO,4,10,0.0,None,None,1475084692.74
406,44.3812987,-73.2587341,71.13,4.59999990463,AUTO,4,10,0.0,None,None,1475084693.27
406,44.3813305,-73.2587361,71.14,4.90000009537,AUTO,4,10,0.0,None,None,1475084693.85
406,44.3813486,-73.2587318,71.28,4.50999975204,AUTO,4,10,0.0,None,None,1475084694.38
406,44.3813643,-73.2587273,71.27,3.78999996185,AUTO,4,10,0.0,None,None,1475084694.91
406,44.3813846,-73.2587278,71.18,4.5499997139,AUTO,4,10,0.0,None,None,1475084695.45
406,44.3814083,-73.2587317,71.14,5.23999977112,AUTO,4,10,0.0,None,None,1475084695.98
406,44.3814415,-73.258735,71.22,5.26999998093,AUTO,4,10,0.0,None,None,1475084696.51
406,44.3814617,-73.2587349,71.15,4.82999992371,AUTO,4,10,0.0,None,None,1475084697.04
406,44.3814827,-73.2587364,71.02,4.58999967575,AUTO,4,10,0.0,None,None,1475084697.57
406,44.3815069,-73.2587389,70.86,5.35999965668,AUTO,4,10,0.0,None,None,1475084698.1
406,44.3815261,-73.2587353,70.78,4.88000011444,AUTO,4,10,0.0,None,None,1475084698.63
406,44.3815389,-73.2587291,70.51,2.90999984741,AUTO,4,10,0.0,None,None,1475084699.17
406,44.3815505,-73.2587253,70.21,2.80999994278,AUTO,4,10,0.0,None,None,1475084699.7
406,44.3815702,-73.2587224,69.67,3.13999986649,AUTO,4,10,0.0,None,None,1475084700.23
406,44.3815828,-73.2587221,69.15,2.9399998188,AUTO,4,10,0.0,None,None,1475084700.76
406,44.381596,-73.2587226,68.6,2.96000003815,AUTO,4,10,0.0,None,None,1475084701.29
406,44.3816099,-73.2587194,67.91,3.09999990463,AUTO,4,10,0.0,None,None,1475084701.88
406,44.3816312,-73.2587103,66.7,3.1899998188,AUTO,4,10,0.0,None,None,1475084702.41
406,44.3816331,-73.2587049,66.34,1.24000000954,AUTO,4,9,0.0,None,None,1475084702.94
406,44.3816335,-73.258707,66.14,2.02999997139,AUTO,4,9,0.0,None,None,1475084703.47
406,44.3816354,-73.2587076,66.0,0.159999996424,AUTO,4,8,0.0,None,None,1475084704.0
406,44.3816363,-73.2587083,65.9,0.370000004768,AUTO,4,8,0.0,None,None,1475084704.53
406,44.3816359,-73.2587093,65.84,0.019999999553,AUTO,4,8,0.0,None,None,1475084705.06
407,44.3816389,-73.2587021,65.85,0.280000001192,AUTO,4,8,0.0,None,None,1475084705.6